"Laboratory","LabCode","SubjectCode","SubjectName","Section","Day","StartTime","EndTime","SchoolID","FullName","SchoolEmail","DualLaboratoryStudent","StudentClasses"
"Civil Engineering Laboratory","CE","CE 311","Surveying Laboratory","1M1","Monday","3:00 PM","6:00 PM","24-9000-001","Adrian Abella","adrian.abella@cit.edu","Yes","CE - CE 311 / 1M1 / Monday 3:00 PM-6:00 PM; CHE - CHEM 101 / 1V1 / Monday 3:00 PM-6:00 PM"
"Civil Engineering Laboratory","CE","CE 311","Surveying Laboratory","1M1","Monday","3:00 PM","6:00 PM","24-4313-008","Ava Ramirez","ava.ramirez@cit.edu","Yes","CE - CE 311 / 1M1 / Monday 3:00 PM-6:00 PM; CHE - CHEM 201 / 2V2 / Tuesday 10:30 AM-1:30 PM; CHE - CHEM102 / 1V3 / Monday 1:30 PM-4:30 PM"
"Civil Engineering Laboratory","CE","CE 311","Surveying Laboratory","1M1","Monday","3:00 PM","6:00 PM","24-4313-013","Benjamin Ramos","ben.ramos@cit.edu","Yes","CE - CE 311 / 1M1 / Monday 3:00 PM-6:00 PM; CHE - CHEM 201 / 2V2 / Tuesday 10:30 AM-1:30 PM; CHE - CHEM102 / 1V3 / Monday 1:30 PM-4:30 PM"
"Civil Engineering Laboratory","CE","CE 311","Surveying Laboratory","1M1","Monday","3:00 PM","6:00 PM","24-9000-002","Bianca Abella","bianca.abella@cit.edu","Yes","CE - CE 311 / 1M1 / Monday 3:00 PM-6:00 PM; ME - ME 317 / 1P1 / Monday 7:30 AM-10:30 AM"
"Civil Engineering Laboratory","CE","CE 311","Surveying Laboratory","1M1","Monday","3:00 PM","6:00 PM","24-9000-003","Carlo Abella","carlo.abella@cit.edu","Yes","CE - CE 311 / 1M1 / Monday 3:00 PM-6:00 PM; CHE - CHEM102 / 1V3 / Monday 1:30 PM-4:30 PM"
"Civil Engineering Laboratory","CE","CE 311","Surveying Laboratory","1M1","Monday","3:00 PM","6:00 PM","24-4313-004","Chloe Mendoza","chloe.mendoza@cit.edu","Yes","CE - CE 311 / 1M1 / Monday 3:00 PM-6:00 PM; CHE - CHEM 201 / 2V2 / Tuesday 10:30 AM-1:30 PM; CHE - CHEM102 / 1V3 / Monday 1:30 PM-4:30 PM"
"Civil Engineering Laboratory","CE","CE 311","Surveying Laboratory","1M1","Monday","3:00 PM","6:00 PM","24-9000-004","Daphne Abella","daphne.abella@cit.edu","Yes","CE - CE 311 / 1M1 / Monday 3:00 PM-6:00 PM; ME - ME 411 / 2P1 / Tuesday 10:30 AM-1:30 PM"
"Civil Engineering Laboratory","CE","CE 311","Surveying Laboratory","1M1","Monday","3:00 PM","6:00 PM","24-4313-852","EJ Kate C. Alcover","ejkate.alcover@cit.edu","Yes","CE - CE 311 / 1M1 / Monday 3:00 PM-6:00 PM; CHE - CHEM 201 / 2V2 / Tuesday 10:30 AM-1:30 PM; CHE - CHEM102 / 1V3 / Monday 1:30 PM-4:30 PM"
"Civil Engineering Laboratory","CE","CE 311","Surveying Laboratory","1M1","Monday","3:00 PM","6:00 PM","24-4313-010","Ella Bautista","ella.bautista@cit.edu","Yes","CE - CE 311 / 1M1 / Monday 3:00 PM-6:00 PM; CHE - CHEM 201 / 2V2 / Tuesday 10:30 AM-1:30 PM; CHE - CHEM102 / 1V3 / Monday 1:30 PM-4:30 PM"
"Civil Engineering Laboratory","CE","CE 311","Surveying Laboratory","1M1","Monday","3:00 PM","6:00 PM","24-9000-005","Enzo Abella","enzo.abella@cit.edu","Yes","CE - CE 311 / 1M1 / Monday 3:00 PM-6:00 PM; CHE - CHEM 202 / 3V1 / Wednesday 7:30 AM-10:30 AM"
"Civil Engineering Laboratory","CE","CE 311","Surveying Laboratory","1M1","Monday","3:00 PM","6:00 PM","24-4313-001","Ethan Reyes","ethan.reyes@cit.edu","Yes","CE - CE 311 / 1M1 / Monday 3:00 PM-6:00 PM; CHE - CHEM 201 / 2V2 / Tuesday 10:30 AM-1:30 PM; CHE - CHEM102 / 1V3 / Monday 1:30 PM-4:30 PM"
"Civil Engineering Laboratory","CE","CE 311","Surveying Laboratory","1M1","Monday","3:00 PM","6:00 PM","24-4313-012","Grace Castillo","grace.castillo@cit.edu","Yes","CE - CE 311 / 1M1 / Monday 3:00 PM-6:00 PM; CHE - CHEM 201 / 2V2 / Tuesday 10:30 AM-1:30 PM; CHE - CHEM102 / 1V3 / Monday 1:30 PM-4:30 PM"
"Civil Engineering Laboratory","CE","CE 311","Surveying Laboratory","1M1","Monday","3:00 PM","6:00 PM","24-4313-011","James Navarro","james.navarro@cit.edu","Yes","CE - CE 311 / 1M1 / Monday 3:00 PM-6:00 PM; CHE - CHEM 201 / 2V2 / Tuesday 10:30 AM-1:30 PM; CHE - CHEM102 / 1V3 / Monday 1:30 PM-4:30 PM"
"Civil Engineering Laboratory","CE","CE 311","Surveying Laboratory","1M1","Monday","3:00 PM","6:00 PM","24-4313-003","Liam Santos","liam.santos@cit.edu","Yes","CE - CE 311 / 1M1 / Monday 3:00 PM-6:00 PM; CHE - CHEM 201 / 2V2 / Tuesday 10:30 AM-1:30 PM; CHE - CHEM102 / 1V3 / Monday 1:30 PM-4:30 PM"
"Civil Engineering Laboratory","CE","CE 311","Surveying Laboratory","1M1","Monday","3:00 PM","6:00 PM","24-4313-007","Lucas Torres","lucas.torres@cit.edu","Yes","CE - CE 311 / 1M1 / Monday 3:00 PM-6:00 PM; CHE - CHEM 201 / 2V2 / Tuesday 10:30 AM-1:30 PM; CHE - CHEM102 / 1V3 / Monday 1:30 PM-4:30 PM"
"Civil Engineering Laboratory","CE","CE 311","Surveying Laboratory","1M1","Monday","3:00 PM","6:00 PM","24-4313-009","Mason Villanueva","mason.villa@cit.edu","Yes","CE - CE 311 / 1M1 / Monday 3:00 PM-6:00 PM; CHE - CHEM 201 / 2V2 / Tuesday 10:30 AM-1:30 PM; CHE - CHEM102 / 1V3 / Monday 1:30 PM-4:30 PM"
"Civil Engineering Laboratory","CE","CE 311","Surveying Laboratory","1M1","Monday","3:00 PM","6:00 PM","24-4313-006","Mia Flores","mia.flores@cit.edu","Yes","CE - CE 311 / 1M1 / Monday 3:00 PM-6:00 PM; CHE - CHEM 201 / 2V2 / Tuesday 10:30 AM-1:30 PM; CHE - CHEM102 / 1V3 / Monday 1:30 PM-4:30 PM"
"Civil Engineering Laboratory","CE","CE 311","Surveying Laboratory","1M1","Monday","3:00 PM","6:00 PM","24-4313-005","Noah Garcia","noah.garcia@cit.edu","Yes","CE - CE 311 / 1M1 / Monday 3:00 PM-6:00 PM; CHE - CHEM 201 / 2V2 / Tuesday 10:30 AM-1:30 PM; CHE - CHEM102 / 1V3 / Monday 1:30 PM-4:30 PM"
"Civil Engineering Laboratory","CE","CE 311","Surveying Laboratory","1M1","Monday","3:00 PM","6:00 PM","24-4313-014","Scarlett Aquino","scarlett.aquino@cit.edu","Yes","CE - CE 311 / 1M1 / Monday 3:00 PM-6:00 PM; CHE - CHEM 201 / 2V2 / Tuesday 10:30 AM-1:30 PM; CHE - CHEM102 / 1V3 / Monday 1:30 PM-4:30 PM"
"Civil Engineering Laboratory","CE","CE 311","Surveying Laboratory","1M1","Monday","3:00 PM","6:00 PM","24-4313-002","Sophia Cruz","sophia.cruz@cit.edu","Yes","CE - CE 311 / 1M1 / Monday 3:00 PM-6:00 PM; CHE - CHEM 201 / 2V2 / Tuesday 10:30 AM-1:30 PM; CHE - CHEM102 / 1V3 / Monday 1:30 PM-4:30 PM"
"Civil Engineering Laboratory","CE","CE 311","Surveying Laboratory","1M2","Monday","10:30 AM","1:30 PM","24-4313-021","Andrew Chua","andrew.chua@cit.edu","Yes","CE - CE 311 / 1M2 / Monday 10:30 AM-1:30 PM; CHE - CHEM 202 / 3V1 / Wednesday 7:30 AM-10:30 AM; CHE - CHEM102 / 2V1 / Tuesday 7:30 AM-10:30 AM"
"Civil Engineering Laboratory","CE","CE 311","Surveying Laboratory","1M2","Monday","10:30 AM","1:30 PM","24-4313-026","Angela Sy","angela.sy@cit.edu","Yes","CE - CE 311 / 1M2 / Monday 10:30 AM-1:30 PM; CHE - CHEM 202 / 3V1 / Wednesday 7:30 AM-10:30 AM; CHE - CHEM102 / 2V1 / Tuesday 7:30 AM-10:30 AM"
"Civil Engineering Laboratory","CE","CE 311","Surveying Laboratory","1M2","Monday","10:30 AM","1:30 PM","24-4313-017","Daniel Velasco","daniel.velasco@cit.edu","Yes","CE - CE 311 / 1M2 / Monday 10:30 AM-1:30 PM; CHE - CHEM 202 / 3V1 / Wednesday 7:30 AM-10:30 AM; CHE - CHEM102 / 2V1 / Tuesday 7:30 AM-10:30 AM"
"Civil Engineering Laboratory","CE","CE 311","Surveying Laboratory","1M2","Monday","10:30 AM","1:30 PM","24-4313-025","Elijah Co","elijah.co@cit.edu","Yes","CE - CE 311 / 1M2 / Monday 10:30 AM-1:30 PM; CHE - CHEM 202 / 3V1 / Wednesday 7:30 AM-10:30 AM; CHE - CHEM102 / 2V1 / Tuesday 7:30 AM-10:30 AM"
"Civil Engineering Laboratory","CE","CE 311","Surveying Laboratory","1M2","Monday","10:30 AM","1:30 PM","24-9000-006","Fiona Abella","fiona.abella@cit.edu","Yes","CE - CE 311 / 1M2 / Monday 10:30 AM-1:30 PM; ME - ME 421 / 3P1 / Wednesday 3:00 PM-6:00 PM"
"Civil Engineering Laboratory","CE","CE 311","Surveying Laboratory","1M2","Monday","10:30 AM","1:30 PM","24-9000-007","Gabriel Abella","gabriel.abella@cit.edu","No","CE - CE 311 / 1M2 / Monday 10:30 AM-1:30 PM"
"Civil Engineering Laboratory","CE","CE 311","Surveying Laboratory","1M2","Monday","10:30 AM","1:30 PM","24-4313-027","Gabriel Uy","gabriel.uy@cit.edu","Yes","CE - CE 311 / 1M2 / Monday 10:30 AM-1:30 PM; CHE - CHEM 202 / 3V1 / Wednesday 7:30 AM-10:30 AM; CHE - CHEM102 / 2V1 / Tuesday 7:30 AM-10:30 AM"
"Civil Engineering Laboratory","CE","CE 311","Surveying Laboratory","1M2","Monday","10:30 AM","1:30 PM","24-9000-008","Hannah Abella","hannah.abella@cit.edu","No","CE - CE 311 / 1M2 / Monday 10:30 AM-1:30 PM"
"Civil Engineering Laboratory","CE","CE 311","Surveying Laboratory","1M2","Monday","10:30 AM","1:30 PM","24-4313-018","Hannah Perez","hannah.perez@cit.edu","Yes","CE - CE 311 / 1M2 / Monday 10:30 AM-1:30 PM; CHE - CHEM 202 / 3V1 / Wednesday 7:30 AM-10:30 AM; CHE - CHEM102 / 2V1 / Tuesday 7:30 AM-10:30 AM"
"Civil Engineering Laboratory","CE","CE 311","Surveying Laboratory","1M2","Monday","10:30 AM","1:30 PM","24-4313-015","Henry Salazar","henry.salazar@cit.edu","Yes","CE - CE 311 / 1M2 / Monday 10:30 AM-1:30 PM; CHE - CHEM 202 / 3V1 / Wednesday 7:30 AM-10:30 AM; CHE - CHEM102 / 2V1 / Tuesday 7:30 AM-10:30 AM"
"Civil Engineering Laboratory","CE","CE 311","Surveying Laboratory","1M2","Monday","10:30 AM","1:30 PM","24-9000-009","Isaac Abella","isaac.abella@cit.edu","No","CE - CE 311 / 1M2 / Monday 10:30 AM-1:30 PM"
"Civil Engineering Laboratory","CE","CE 311","Surveying Laboratory","1M2","Monday","10:30 AM","1:30 PM","24-9000-010","Janelle Abella","janelle.abella@cit.edu","No","CE - CE 311 / 1M2 / Monday 10:30 AM-1:30 PM"
"Civil Engineering Laboratory","CE","CE 311","Surveying Laboratory","1M2","Monday","10:30 AM","1:30 PM","24-4313-028","Jasmine Lee","jasmine.lee@cit.edu","Yes","CE - CE 311 / 1M2 / Monday 10:30 AM-1:30 PM; CHE - CHEM 202 / 3V1 / Wednesday 7:30 AM-10:30 AM; CHE - CHEM102 / 2V1 / Tuesday 7:30 AM-10:30 AM"
"Civil Engineering Laboratory","CE","CE 311","Surveying Laboratory","1M2","Monday","10:30 AM","1:30 PM","24-4313-023","Joshua Tan","joshua.tan@cit.edu","Yes","CE - CE 311 / 1M2 / Monday 10:30 AM-1:30 PM; CHE - CHEM 202 / 3V1 / Wednesday 7:30 AM-10:30 AM; CHE - CHEM102 / 2V1 / Tuesday 7:30 AM-10:30 AM"
"Civil Engineering Laboratory","CE","CE 311","Surveying Laboratory","1M2","Monday","10:30 AM","1:30 PM","24-4313-019","Matthew Dela Cruz","matt.dc@cit.edu","Yes","CE - CE 311 / 1M2 / Monday 10:30 AM-1:30 PM; CHE - CHEM 202 / 3V1 / Wednesday 7:30 AM-10:30 AM; CHE - CHEM102 / 2V1 / Tuesday 7:30 AM-10:30 AM"
"Civil Engineering Laboratory","CE","CE 311","Surveying Laboratory","1M2","Monday","10:30 AM","1:30 PM","24-4313-020","Natalie Ong","natalie.ong@cit.edu","Yes","CE - CE 311 / 1M2 / Monday 10:30 AM-1:30 PM; CHE - CHEM 202 / 3V1 / Wednesday 7:30 AM-10:30 AM; CHE - CHEM102 / 2V1 / Tuesday 7:30 AM-10:30 AM"
"Civil Engineering Laboratory","CE","CE 311","Surveying Laboratory","1M2","Monday","10:30 AM","1:30 PM","24-4313-029","Nathan Chan","nathan.chan@cit.edu","Yes","CE - CE 311 / 1M2 / Monday 10:30 AM-1:30 PM; CHE - CHEM 202 / 3V1 / Wednesday 7:30 AM-10:30 AM; CHE - CHEM102 / 2V1 / Tuesday 7:30 AM-10:30 AM"
"Civil Engineering Laboratory","CE","CE 311","Surveying Laboratory","1M2","Monday","10:30 AM","1:30 PM","24-4313-024","Patricia Go","patricia.go@cit.edu","Yes","CE - CE 311 / 1M2 / Monday 10:30 AM-1:30 PM; CHE - CHEM 202 / 3V1 / Wednesday 7:30 AM-10:30 AM; CHE - CHEM102 / 2V1 / Tuesday 7:30 AM-10:30 AM"
"Civil Engineering Laboratory","CE","CE 311","Surveying Laboratory","1M2","Monday","10:30 AM","1:30 PM","24-4313-022","Samantha Yu","samantha.yu@cit.edu","Yes","CE - CE 311 / 1M2 / Monday 10:30 AM-1:30 PM; CHE - CHEM 202 / 3V1 / Wednesday 7:30 AM-10:30 AM; CHE - CHEM102 / 2V1 / Tuesday 7:30 AM-10:30 AM"
"Civil Engineering Laboratory","CE","CE 311","Surveying Laboratory","1M2","Monday","10:30 AM","1:30 PM","24-4313-016","Victoria Lim","victoria.lim@cit.edu","Yes","CE - CE 311 / 1M2 / Monday 10:30 AM-1:30 PM; CHE - CHEM 202 / 3V1 / Wednesday 7:30 AM-10:30 AM; CHE - CHEM102 / 2V1 / Tuesday 7:30 AM-10:30 AM"
"Civil Engineering Laboratory","CE","CE 312","Soil Mechanics Laboratory","1M3","Monday","3:00 PM","6:00 PM","24-9000-027","Adrian Bautista","adrian.bautista@cit.edu","No","CE - CE 312 / 1M3 / Monday 3:00 PM-6:00 PM"
"Civil Engineering Laboratory","CE","CE 312","Soil Mechanics Laboratory","1M3","Monday","3:00 PM","6:00 PM","24-9000-028","Bianca Bautista","bianca.bautista@cit.edu","No","CE - CE 312 / 1M3 / Monday 3:00 PM-6:00 PM"
"Civil Engineering Laboratory","CE","CE 312","Soil Mechanics Laboratory","1M3","Monday","3:00 PM","6:00 PM","24-9000-029","Carlo Bautista","carlo.bautista@cit.edu","No","CE - CE 312 / 1M3 / Monday 3:00 PM-6:00 PM"
"Civil Engineering Laboratory","CE","CE 312","Soil Mechanics Laboratory","1M3","Monday","3:00 PM","6:00 PM","24-9000-030","Daphne Bautista","daphne.bautista@cit.edu","No","CE - CE 312 / 1M3 / Monday 3:00 PM-6:00 PM"
"Civil Engineering Laboratory","CE","CE 312","Soil Mechanics Laboratory","1M3","Monday","3:00 PM","6:00 PM","24-9000-011","Kyle Abella","kyle.abella@cit.edu","Yes","CE - CE 312 / 1M3 / Monday 3:00 PM-6:00 PM; CHE - CHEN 203 / 4V1 / Thursday 3:00 PM-6:00 PM"
"Civil Engineering Laboratory","CE","CE 312","Soil Mechanics Laboratory","1M3","Monday","3:00 PM","6:00 PM","24-9000-012","Larissa Abella","larissa.abella@cit.edu","Yes","CE - CE 312 / 1M3 / Monday 3:00 PM-6:00 PM; ME - ME 431 / 4P1 / Thursday 7:30 AM-10:30 AM"
"Civil Engineering Laboratory","CE","CE 312","Soil Mechanics Laboratory","1M3","Monday","3:00 PM","6:00 PM","24-9000-013","Marco Abella","marco.abella@cit.edu","No","CE - CE 312 / 1M3 / Monday 3:00 PM-6:00 PM"
"Civil Engineering Laboratory","CE","CE 312","Soil Mechanics Laboratory","1M3","Monday","3:00 PM","6:00 PM","24-9000-014","Nadine Abella","nadine.abella@cit.edu","No","CE - CE 312 / 1M3 / Monday 3:00 PM-6:00 PM"
"Civil Engineering Laboratory","CE","CE 312","Soil Mechanics Laboratory","1M3","Monday","3:00 PM","6:00 PM","24-9000-015","Oscar Abella","oscar.abella@cit.edu","No","CE - CE 312 / 1M3 / Monday 3:00 PM-6:00 PM"
"Civil Engineering Laboratory","CE","CE 312","Soil Mechanics Laboratory","1M3","Monday","3:00 PM","6:00 PM","24-9000-016","Patricia Abella","patricia.abella@cit.edu","No","CE - CE 312 / 1M3 / Monday 3:00 PM-6:00 PM"
"Civil Engineering Laboratory","CE","CE 312","Soil Mechanics Laboratory","1M3","Monday","3:00 PM","6:00 PM","24-9000-017","Quentin Abella","quentin.abella@cit.edu","No","CE - CE 312 / 1M3 / Monday 3:00 PM-6:00 PM"
"Civil Engineering Laboratory","CE","CE 312","Soil Mechanics Laboratory","1M3","Monday","3:00 PM","6:00 PM","24-9000-018","Rhea Abella","rhea.abella@cit.edu","No","CE - CE 312 / 1M3 / Monday 3:00 PM-6:00 PM"
"Civil Engineering Laboratory","CE","CE 312","Soil Mechanics Laboratory","1M3","Monday","3:00 PM","6:00 PM","24-9000-019","Samuel Abella","samuel.abella@cit.edu","No","CE - CE 312 / 1M3 / Monday 3:00 PM-6:00 PM"
"Civil Engineering Laboratory","CE","CE 312","Soil Mechanics Laboratory","1M3","Monday","3:00 PM","6:00 PM","24-9000-020","Trisha Abella","trisha.abella@cit.edu","No","CE - CE 312 / 1M3 / Monday 3:00 PM-6:00 PM"
"Civil Engineering Laboratory","CE","CE 312","Soil Mechanics Laboratory","1M3","Monday","3:00 PM","6:00 PM","24-9000-021","Ulysses Abella","ulysses.abella@cit.edu","No","CE - CE 312 / 1M3 / Monday 3:00 PM-6:00 PM"
"Civil Engineering Laboratory","CE","CE 312","Soil Mechanics Laboratory","1M3","Monday","3:00 PM","6:00 PM","24-9000-022","Vanessa Abella","vanessa.abella@cit.edu","No","CE - CE 312 / 1M3 / Monday 3:00 PM-6:00 PM"
"Civil Engineering Laboratory","CE","CE 312","Soil Mechanics Laboratory","1M3","Monday","3:00 PM","6:00 PM","24-9000-023","Warren Abella","warren.abella@cit.edu","No","CE - CE 312 / 1M3 / Monday 3:00 PM-6:00 PM"
"Civil Engineering Laboratory","CE","CE 312","Soil Mechanics Laboratory","1M3","Monday","3:00 PM","6:00 PM","24-9000-024","Xandra Abella","xandra.abella@cit.edu","No","CE - CE 312 / 1M3 / Monday 3:00 PM-6:00 PM"
"Civil Engineering Laboratory","CE","CE 312","Soil Mechanics Laboratory","1M3","Monday","3:00 PM","6:00 PM","24-9000-025","Yves Abella","yves.abella@cit.edu","No","CE - CE 312 / 1M3 / Monday 3:00 PM-6:00 PM"
"Civil Engineering Laboratory","CE","CE 312","Soil Mechanics Laboratory","1M3","Monday","3:00 PM","6:00 PM","24-9000-026","Zara Abella","zara.abella@cit.edu","No","CE - CE 312 / 1M3 / Monday 3:00 PM-6:00 PM"
"Civil Engineering Laboratory","CE","CE 312","Soil Mechanics Laboratory","2M1","Tuesday","7:30 AM","10:30 AM","24-9000-031","Enzo Bautista","enzo.bautista@cit.edu","No","CE - CE 312 / 2M1 / Tuesday 7:30 AM-10:30 AM"
"Civil Engineering Laboratory","CE","CE 312","Soil Mechanics Laboratory","2M1","Tuesday","7:30 AM","10:30 AM","24-9000-032","Fiona Bautista","fiona.bautista@cit.edu","No","CE - CE 312 / 2M1 / Tuesday 7:30 AM-10:30 AM"
"Civil Engineering Laboratory","CE","CE 312","Soil Mechanics Laboratory","2M1","Tuesday","7:30 AM","10:30 AM","24-9000-033","Gabriel Bautista","gabriel.bautista@cit.edu","No","CE - CE 312 / 2M1 / Tuesday 7:30 AM-10:30 AM"
"Civil Engineering Laboratory","CE","CE 312","Soil Mechanics Laboratory","2M1","Tuesday","7:30 AM","10:30 AM","24-9000-034","Hannah Bautista","hannah.bautista@cit.edu","No","CE - CE 312 / 2M1 / Tuesday 7:30 AM-10:30 AM"
"Civil Engineering Laboratory","CE","CE 312","Soil Mechanics Laboratory","2M1","Tuesday","7:30 AM","10:30 AM","24-9000-035","Isaac Bautista","isaac.bautista@cit.edu","No","CE - CE 312 / 2M1 / Tuesday 7:30 AM-10:30 AM"
"Civil Engineering Laboratory","CE","CE 312","Soil Mechanics Laboratory","2M1","Tuesday","7:30 AM","10:30 AM","24-9000-036","Janelle Bautista","janelle.bautista@cit.edu","No","CE - CE 312 / 2M1 / Tuesday 7:30 AM-10:30 AM"
"Civil Engineering Laboratory","CE","CE 312","Soil Mechanics Laboratory","2M1","Tuesday","7:30 AM","10:30 AM","24-9000-037","Kyle Bautista","kyle.bautista@cit.edu","No","CE - CE 312 / 2M1 / Tuesday 7:30 AM-10:30 AM"
"Civil Engineering Laboratory","CE","CE 312","Soil Mechanics Laboratory","2M1","Tuesday","7:30 AM","10:30 AM","24-9000-038","Larissa Bautista","larissa.bautista@cit.edu","No","CE - CE 312 / 2M1 / Tuesday 7:30 AM-10:30 AM"
"Civil Engineering Laboratory","CE","CE 312","Soil Mechanics Laboratory","2M1","Tuesday","7:30 AM","10:30 AM","24-9000-039","Marco Bautista","marco.bautista@cit.edu","No","CE - CE 312 / 2M1 / Tuesday 7:30 AM-10:30 AM"
"Civil Engineering Laboratory","CE","CE 312","Soil Mechanics Laboratory","2M1","Tuesday","7:30 AM","10:30 AM","24-9000-040","Nadine Bautista","nadine.bautista@cit.edu","No","CE - CE 312 / 2M1 / Tuesday 7:30 AM-10:30 AM"
"Civil Engineering Laboratory","CE","CE 312","Soil Mechanics Laboratory","2M1","Tuesday","7:30 AM","10:30 AM","24-9000-041","Oscar Bautista","oscar.bautista@cit.edu","No","CE - CE 312 / 2M1 / Tuesday 7:30 AM-10:30 AM"
"Civil Engineering Laboratory","CE","CE 312","Soil Mechanics Laboratory","2M1","Tuesday","7:30 AM","10:30 AM","24-9000-042","Patricia Bautista","patricia.bautista@cit.edu","No","CE - CE 312 / 2M1 / Tuesday 7:30 AM-10:30 AM"
"Civil Engineering Laboratory","CE","CE 312","Soil Mechanics Laboratory","2M1","Tuesday","7:30 AM","10:30 AM","24-9000-043","Quentin Bautista","quentin.bautista@cit.edu","No","CE - CE 312 / 2M1 / Tuesday 7:30 AM-10:30 AM"
"Civil Engineering Laboratory","CE","CE 312","Soil Mechanics Laboratory","2M1","Tuesday","7:30 AM","10:30 AM","24-9000-044","Rhea Bautista","rhea.bautista@cit.edu","No","CE - CE 312 / 2M1 / Tuesday 7:30 AM-10:30 AM"
"Civil Engineering Laboratory","CE","CE 312","Soil Mechanics Laboratory","2M1","Tuesday","7:30 AM","10:30 AM","24-9000-045","Samuel Bautista","samuel.bautista@cit.edu","No","CE - CE 312 / 2M1 / Tuesday 7:30 AM-10:30 AM"
"Civil Engineering Laboratory","CE","CE 312","Soil Mechanics Laboratory","2M1","Tuesday","7:30 AM","10:30 AM","24-9000-046","Trisha Bautista","trisha.bautista@cit.edu","No","CE - CE 312 / 2M1 / Tuesday 7:30 AM-10:30 AM"
"Civil Engineering Laboratory","CE","CE 312","Soil Mechanics Laboratory","2M1","Tuesday","7:30 AM","10:30 AM","24-9000-047","Ulysses Bautista","ulysses.bautista@cit.edu","No","CE - CE 312 / 2M1 / Tuesday 7:30 AM-10:30 AM"
"Civil Engineering Laboratory","CE","CE 312","Soil Mechanics Laboratory","2M1","Tuesday","7:30 AM","10:30 AM","24-9000-048","Vanessa Bautista","vanessa.bautista@cit.edu","No","CE - CE 312 / 2M1 / Tuesday 7:30 AM-10:30 AM"
"Civil Engineering Laboratory","CE","CE 312","Soil Mechanics Laboratory","2M1","Tuesday","7:30 AM","10:30 AM","24-9000-049","Warren Bautista","warren.bautista@cit.edu","No","CE - CE 312 / 2M1 / Tuesday 7:30 AM-10:30 AM"
"Civil Engineering Laboratory","CE","CE 312","Soil Mechanics Laboratory","2M1","Tuesday","7:30 AM","10:30 AM","24-9000-050","Xandra Bautista","xandra.bautista@cit.edu","No","CE - CE 312 / 2M1 / Tuesday 7:30 AM-10:30 AM"
"Civil Engineering Laboratory","CE","CE 321","Hydraulics Laboratory","2M2","Tuesday","3:00 PM","6:00 PM","24-4313-030"," Bianca Kho","bianca.kho@cit.edu","Yes","CE - CE 321 / 2M2 / Tuesday 3:00 PM-6:00 PM; ME - ME 317 / 1P1 / Monday 7:30 AM-10:30 AM; ME - ME 411 / 2P1 / Tuesday 10:30 AM-1:30 PM"
"Civil Engineering Laboratory","CE","CE 321","Hydraulics Laboratory","2M2","Tuesday","3:00 PM","6:00 PM","24-4313-041"," Vincent Robles","vincent.robles@cit.edu","Yes","CE - CE 321 / 2M2 / Tuesday 3:00 PM-6:00 PM; ME - ME 317 / 1P1 / Monday 7:30 AM-10:30 AM; ME - ME 411 / 2P1 / Tuesday 10:30 AM-1:30 PM"
"Civil Engineering Laboratory","CE","CE 321","Hydraulics Laboratory","2M2","Tuesday","3:00 PM","6:00 PM","24-4313-033","Aaron Te","aaron.te@cit.edu","Yes","CE - CE 321 / 2M2 / Tuesday 3:00 PM-6:00 PM; ME - ME 317 / 1P1 / Monday 7:30 AM-10:30 AM; ME - ME 411 / 2P1 / Tuesday 10:30 AM-1:30 PM"
"Civil Engineering Laboratory","CE","CE 321","Hydraulics Laboratory","2M2","Tuesday","3:00 PM","6:00 PM","24-9000-053","Adrian Cabrera","adrian.cabrera@cit.edu","No","CE - CE 321 / 2M2 / Tuesday 3:00 PM-6:00 PM"
"Civil Engineering Laboratory","CE","CE 321","Hydraulics Laboratory","2M2","Tuesday","3:00 PM","6:00 PM","24-4313-043","Adrian Dominguez","adrian.dominguez@cit.edu","Yes","CE - CE 321 / 2M2 / Tuesday 3:00 PM-6:00 PM; ME - ME 317 / 1P1 / Monday 7:30 AM-10:30 AM; ME - ME 411 / 2P1 / Tuesday 10:30 AM-1:30 PM"
"Civil Engineering Laboratory","CE","CE 321","Hydraulics Laboratory","2M2","Tuesday","3:00 PM","6:00 PM","24-9000-054","Bianca Cabrera","bianca.cabrera@cit.edu","No","CE - CE 321 / 2M2 / Tuesday 3:00 PM-6:00 PM"
"Civil Engineering Laboratory","CE","CE 321","Hydraulics Laboratory","2M2","Tuesday","3:00 PM","6:00 PM","24-4313-031","Caleb Wong","caleb.wong@cit.edu","Yes","CE - CE 321 / 2M2 / Tuesday 3:00 PM-6:00 PM; ME - ME 317 / 1P1 / Monday 7:30 AM-10:30 AM; ME - ME 411 / 2P1 / Tuesday 10:30 AM-1:30 PM"
"Civil Engineering Laboratory","CE","CE 321","Hydraulics Laboratory","2M2","Tuesday","3:00 PM","6:00 PM","24-4313-042","Camille Javier","camille.javier@cit.edu","Yes","CE - CE 321 / 2M2 / Tuesday 3:00 PM-6:00 PM; ME - ME 317 / 1P1 / Monday 7:30 AM-10:30 AM; ME - ME 411 / 2P1 / Tuesday 10:30 AM-1:30 PM"
"Civil Engineering Laboratory","CE","CE 321","Hydraulics Laboratory","2M2","Tuesday","3:00 PM","6:00 PM","24-4313-034","Carla Dy","carla.dy@cit.edu","Yes","CE - CE 321 / 2M2 / Tuesday 3:00 PM-6:00 PM; ME - ME 317 / 1P1 / Monday 7:30 AM-10:30 AM; ME - ME 411 / 2P1 / Tuesday 10:30 AM-1:30 PM"
"Civil Engineering Laboratory","CE","CE 321","Hydraulics Laboratory","2M2","Tuesday","3:00 PM","6:00 PM","24-9000-055","Carlo Cabrera","carlo.cabrera@cit.edu","No","CE - CE 321 / 2M2 / Tuesday 3:00 PM-6:00 PM"
"Civil Engineering Laboratory","CE","CE 321","Hydraulics Laboratory","2M2","Tuesday","3:00 PM","6:00 PM","24-4313-039","Christian Alonzo","christian.alon@cit.edu","Yes","CE - CE 321 / 2M2 / Tuesday 3:00 PM-6:00 PM; ME - ME 317 / 1P1 / Monday 7:30 AM-10:30 AM; ME - ME 411 / 2P1 / Tuesday 10:30 AM-1:30 PM"
"Civil Engineering Laboratory","CE","CE 321","Hydraulics Laboratory","2M2","Tuesday","3:00 PM","6:00 PM","24-4313-037","David Gatchalian","david.gatchalian@cit.edu","Yes","CE - CE 321 / 2M2 / Tuesday 3:00 PM-6:00 PM; ME - ME 317 / 1P1 / Monday 7:30 AM-10:30 AM; ME - ME 411 / 2P1 / Tuesday 10:30 AM-1:30 PM"
"Civil Engineering Laboratory","CE","CE 321","Hydraulics Laboratory","2M2","Tuesday","3:00 PM","6:00 PM","24-4313-032","Denise Yap","denise.yap@cit.edu","Yes","CE - CE 321 / 2M2 / Tuesday 3:00 PM-6:00 PM; ME - ME 317 / 1P1 / Monday 7:30 AM-10:30 AM; ME - ME 411 / 2P1 / Tuesday 10:30 AM-1:30 PM"
"Civil Engineering Laboratory","CE","CE 321","Hydraulics Laboratory","2M2","Tuesday","3:00 PM","6:00 PM","24-4313-036","Isabelle Ching","isabelle.ching@cit.edu","Yes","CE - CE 321 / 2M2 / Tuesday 3:00 PM-6:00 PM; ME - ME 317 / 1P1 / Monday 7:30 AM-10:30 AM; ME - ME 411 / 2P1 / Tuesday 10:30 AM-1:30 PM"
"Civil Engineering Laboratory","CE","CE 321","Hydraulics Laboratory","2M2","Tuesday","3:00 PM","6:00 PM","24-4313-044","Katrina Molina","katrina.molina@cit.edu","Yes","CE - CE 321 / 2M2 / Tuesday 3:00 PM-6:00 PM; ME - ME 317 / 1P1 / Monday 7:30 AM-10:30 AM; ME - ME 411 / 2P1 / Tuesday 10:30 AM-1:30 PM"
"Civil Engineering Laboratory","CE","CE 321","Hydraulics Laboratory","2M2","Tuesday","3:00 PM","6:00 PM","24-4313-040","Nicole Serrano","nicole.serrano@cit.edu","Yes","CE - CE 321 / 2M2 / Tuesday 3:00 PM-6:00 PM; ME - ME 317 / 1P1 / Monday 7:30 AM-10:30 AM; ME - ME 411 / 2P1 / Tuesday 10:30 AM-1:30 PM"
"Civil Engineering Laboratory","CE","CE 321","Hydraulics Laboratory","2M2","Tuesday","3:00 PM","6:00 PM","24-4313-035","Sebastian Lim","seb.lim@cit.edu","Yes","CE - CE 321 / 2M2 / Tuesday 3:00 PM-6:00 PM; ME - ME 317 / 1P1 / Monday 7:30 AM-10:30 AM; ME - ME 411 / 2P1 / Tuesday 10:30 AM-1:30 PM"
"Civil Engineering Laboratory","CE","CE 321","Hydraulics Laboratory","2M2","Tuesday","3:00 PM","6:00 PM","24-4313-038","Trisha Mercado","trisha.mercado@cit.edu","Yes","CE - CE 321 / 2M2 / Tuesday 3:00 PM-6:00 PM; ME - ME 317 / 1P1 / Monday 7:30 AM-10:30 AM; ME - ME 411 / 2P1 / Tuesday 10:30 AM-1:30 PM"
"Civil Engineering Laboratory","CE","CE 321","Hydraulics Laboratory","2M2","Tuesday","3:00 PM","6:00 PM","24-9000-051","Yves Bautista","yves.bautista@cit.edu","No","CE - CE 321 / 2M2 / Tuesday 3:00 PM-6:00 PM"
"Civil Engineering Laboratory","CE","CE 321","Hydraulics Laboratory","2M2","Tuesday","3:00 PM","6:00 PM","24-9000-052","Zara Bautista","zara.bautista@cit.edu","No","CE - CE 321 / 2M2 / Tuesday 3:00 PM-6:00 PM"
"Civil Engineering Laboratory","CE","CE 321","Hydraulics Laboratory","2M3","Tuesday","10:30 AM","1:30 PM","24-9000-056","Daphne Cabrera","daphne.cabrera@cit.edu","No","CE - CE 321 / 2M3 / Tuesday 10:30 AM-1:30 PM"
"Civil Engineering Laboratory","CE","CE 321","Hydraulics Laboratory","2M3","Tuesday","10:30 AM","1:30 PM","24-9000-057","Enzo Cabrera","enzo.cabrera@cit.edu","No","CE - CE 321 / 2M3 / Tuesday 10:30 AM-1:30 PM"
"Civil Engineering Laboratory","CE","CE 321","Hydraulics Laboratory","2M3","Tuesday","10:30 AM","1:30 PM","24-9000-058","Fiona Cabrera","fiona.cabrera@cit.edu","No","CE - CE 321 / 2M3 / Tuesday 10:30 AM-1:30 PM"
"Civil Engineering Laboratory","CE","CE 321","Hydraulics Laboratory","2M3","Tuesday","10:30 AM","1:30 PM","24-9000-059","Gabriel Cabrera","gabriel.cabrera@cit.edu","No","CE - CE 321 / 2M3 / Tuesday 10:30 AM-1:30 PM"
"Civil Engineering Laboratory","CE","CE 321","Hydraulics Laboratory","2M3","Tuesday","10:30 AM","1:30 PM","24-9000-060","Hannah Cabrera","hannah.cabrera@cit.edu","No","CE - CE 321 / 2M3 / Tuesday 10:30 AM-1:30 PM"
"Civil Engineering Laboratory","CE","CE 321","Hydraulics Laboratory","2M3","Tuesday","10:30 AM","1:30 PM","24-9000-061","Isaac Cabrera","isaac.cabrera@cit.edu","No","CE - CE 321 / 2M3 / Tuesday 10:30 AM-1:30 PM"
"Civil Engineering Laboratory","CE","CE 321","Hydraulics Laboratory","2M3","Tuesday","10:30 AM","1:30 PM","24-9000-062","Janelle Cabrera","janelle.cabrera@cit.edu","No","CE - CE 321 / 2M3 / Tuesday 10:30 AM-1:30 PM"
"Civil Engineering Laboratory","CE","CE 321","Hydraulics Laboratory","2M3","Tuesday","10:30 AM","1:30 PM","24-9000-063","Kyle Cabrera","kyle.cabrera@cit.edu","No","CE - CE 321 / 2M3 / Tuesday 10:30 AM-1:30 PM"
"Civil Engineering Laboratory","CE","CE 321","Hydraulics Laboratory","2M3","Tuesday","10:30 AM","1:30 PM","24-9000-064","Larissa Cabrera","larissa.cabrera@cit.edu","No","CE - CE 321 / 2M3 / Tuesday 10:30 AM-1:30 PM"
"Civil Engineering Laboratory","CE","CE 321","Hydraulics Laboratory","2M3","Tuesday","10:30 AM","1:30 PM","24-9000-065","Marco Cabrera","marco.cabrera@cit.edu","No","CE - CE 321 / 2M3 / Tuesday 10:30 AM-1:30 PM"
"Civil Engineering Laboratory","CE","CE 321","Hydraulics Laboratory","2M3","Tuesday","10:30 AM","1:30 PM","24-9000-066","Nadine Cabrera","nadine.cabrera@cit.edu","No","CE - CE 321 / 2M3 / Tuesday 10:30 AM-1:30 PM"
"Civil Engineering Laboratory","CE","CE 321","Hydraulics Laboratory","2M3","Tuesday","10:30 AM","1:30 PM","24-9000-067","Oscar Cabrera","oscar.cabrera@cit.edu","No","CE - CE 321 / 2M3 / Tuesday 10:30 AM-1:30 PM"
"Civil Engineering Laboratory","CE","CE 321","Hydraulics Laboratory","2M3","Tuesday","10:30 AM","1:30 PM","24-9000-068","Patricia Cabrera","patricia.cabrera@cit.edu","No","CE - CE 321 / 2M3 / Tuesday 10:30 AM-1:30 PM"
"Civil Engineering Laboratory","CE","CE 321","Hydraulics Laboratory","2M3","Tuesday","10:30 AM","1:30 PM","24-9000-069","Quentin Cabrera","quentin.cabrera@cit.edu","No","CE - CE 321 / 2M3 / Tuesday 10:30 AM-1:30 PM"
"Civil Engineering Laboratory","CE","CE 321","Hydraulics Laboratory","2M3","Tuesday","10:30 AM","1:30 PM","24-9000-070","Rhea Cabrera","rhea.cabrera@cit.edu","No","CE - CE 321 / 2M3 / Tuesday 10:30 AM-1:30 PM"
"Civil Engineering Laboratory","CE","CE 321","Hydraulics Laboratory","2M3","Tuesday","10:30 AM","1:30 PM","24-9000-071","Samuel Cabrera","samuel.cabrera@cit.edu","No","CE - CE 321 / 2M3 / Tuesday 10:30 AM-1:30 PM"
"Civil Engineering Laboratory","CE","CE 321","Hydraulics Laboratory","2M3","Tuesday","10:30 AM","1:30 PM","24-9000-072","Trisha Cabrera","trisha.cabrera@cit.edu","No","CE - CE 321 / 2M3 / Tuesday 10:30 AM-1:30 PM"
"Civil Engineering Laboratory","CE","CE 321","Hydraulics Laboratory","2M3","Tuesday","10:30 AM","1:30 PM","24-9000-073","Ulysses Cabrera","ulysses.cabrera@cit.edu","No","CE - CE 321 / 2M3 / Tuesday 10:30 AM-1:30 PM"
"Civil Engineering Laboratory","CE","CE 321","Hydraulics Laboratory","2M3","Tuesday","10:30 AM","1:30 PM","24-9000-074","Vanessa Cabrera","vanessa.cabrera@cit.edu","No","CE - CE 321 / 2M3 / Tuesday 10:30 AM-1:30 PM"
"Civil Engineering Laboratory","CE","CE 321","Hydraulics Laboratory","2M3","Tuesday","10:30 AM","1:30 PM","24-9000-075","Warren Cabrera","warren.cabrera@cit.edu","No","CE - CE 321 / 2M3 / Tuesday 10:30 AM-1:30 PM"
"Civil Engineering Laboratory","CE","CE 421","Structural Engineering Laboratory","3M1","Wednesday","7:30 AM","10:30 AM","24-9000-079","Adrian DelaCruz","adrian.delacruz@cit.edu","No","CE - CE 421 / 3M1 / Wednesday 7:30 AM-10:30 AM"
"Civil Engineering Laboratory","CE","CE 421","Structural Engineering Laboratory","3M1","Wednesday","7:30 AM","10:30 AM","24-4313-048","Beatrice Valencia","beatrice.valencia@cit.edu","Yes","CE - CE 421 / 3M1 / Wednesday 7:30 AM-10:30 AM; ME - ME 317 / 1P2 / Monday 10:30 AM-1:30 PM; ME - ME 421 / 3P1 / Wednesday 3:00 PM-6:00 PM"
"Civil Engineering Laboratory","CE","CE 421","Structural Engineering Laboratory","3M1","Wednesday","7:30 AM","10:30 AM","24-9000-080","Bianca DelaCruz","bianca.delacruz@cit.edu","No","CE - CE 421 / 3M1 / Wednesday 7:30 AM-10:30 AM"
"Civil Engineering Laboratory","CE","CE 421","Structural Engineering Laboratory","3M1","Wednesday","7:30 AM","10:30 AM","24-9000-081","Carlo DelaCruz","carlo.delacruz@cit.edu","No","CE - CE 421 / 3M1 / Wednesday 7:30 AM-10:30 AM"
"Civil Engineering Laboratory","CE","CE 421","Structural Engineering Laboratory","3M1","Wednesday","7:30 AM","10:30 AM","24-9000-082","Daphne DelaCruz","daphne.delacruz@cit.edu","No","CE - CE 421 / 3M1 / Wednesday 7:30 AM-10:30 AM"
"Civil Engineering Laboratory","CE","CE 421","Structural Engineering Laboratory","3M1","Wednesday","7:30 AM","10:30 AM","24-9000-083","Enzo DelaCruz","enzo.delacruz@cit.edu","No","CE - CE 421 / 3M1 / Wednesday 7:30 AM-10:30 AM"
"Civil Engineering Laboratory","CE","CE 421","Structural Engineering Laboratory","3M1","Wednesday","7:30 AM","10:30 AM","24-9000-084","Fiona DelaCruz","fiona.delacruz@cit.edu","No","CE - CE 421 / 3M1 / Wednesday 7:30 AM-10:30 AM"
"Civil Engineering Laboratory","CE","CE 421","Structural Engineering Laboratory","3M1","Wednesday","7:30 AM","10:30 AM","24-4313-050","Francesca Gomez","francesca.gomez@cit.edu","Yes","CE - CE 421 / 3M1 / Wednesday 7:30 AM-10:30 AM; ME - ME 317 / 1P2 / Monday 10:30 AM-1:30 PM; ME - ME 421 / 3P1 / Wednesday 3:00 PM-6:00 PM"
"Civil Engineering Laboratory","CE","CE 421","Structural Engineering Laboratory","3M1","Wednesday","7:30 AM","10:30 AM","24-9000-085","Gabriel DelaCruz","gabriel.delacruz@cit.edu","No","CE - CE 421 / 3M1 / Wednesday 7:30 AM-10:30 AM"
"Civil Engineering Laboratory","CE","CE 421","Structural Engineering Laboratory","3M1","Wednesday","7:30 AM","10:30 AM","24-9000-086","Hannah DelaCruz","hannah.delacruz@cit.edu","No","CE - CE 421 / 3M1 / Wednesday 7:30 AM-10:30 AM"
"Civil Engineering Laboratory","CE","CE 421","Structural Engineering Laboratory","3M1","Wednesday","7:30 AM","10:30 AM","24-9000-087","Isaac DelaCruz","isaac.delacruz@cit.edu","No","CE - CE 421 / 3M1 / Wednesday 7:30 AM-10:30 AM"
"Civil Engineering Laboratory","CE","CE 421","Structural Engineering Laboratory","3M1","Wednesday","7:30 AM","10:30 AM","24-9000-088","Janelle DelaCruz","janelle.delacruz@cit.edu","No","CE - CE 421 / 3M1 / Wednesday 7:30 AM-10:30 AM"
"Civil Engineering Laboratory","CE","CE 421","Structural Engineering Laboratory","3M1","Wednesday","7:30 AM","10:30 AM","24-4313-047","John Cedrick Lao","johncedrick.lao@cit.edu","Yes","CE - CE 421 / 3M1 / Wednesday 7:30 AM-10:30 AM; ME - ME 317 / 1P2 / Monday 10:30 AM-1:30 PM; ME - ME 421 / 3P1 / Wednesday 3:00 PM-6:00 PM"
"Civil Engineering Laboratory","CE","CE 421","Structural Engineering Laboratory","3M1","Wednesday","7:30 AM","10:30 AM","24-9000-089","Kyle DelaCruz","kyle.delacruz@cit.edu","No","CE - CE 421 / 3M1 / Wednesday 7:30 AM-10:30 AM"
"Civil Engineering Laboratory","CE","CE 421","Structural Engineering Laboratory","3M1","Wednesday","7:30 AM","10:30 AM","24-4313-049","Kyle Fernandez ","kyle.fernandez@cit.edu","Yes","CE - CE 421 / 3M1 / Wednesday 7:30 AM-10:30 AM; ME - ME 317 / 1P2 / Monday 10:30 AM-1:30 PM; ME - ME 421 / 3P1 / Wednesday 3:00 PM-6:00 PM"
"Civil Engineering Laboratory","CE","CE 421","Structural Engineering Laboratory","3M1","Wednesday","7:30 AM","10:30 AM","24-4313-045","Mark Evangelista","mark.evangelista@cit.edu","Yes","CE - CE 421 / 3M1 / Wednesday 7:30 AM-10:30 AM; ME - ME 317 / 1P2 / Monday 10:30 AM-1:30 PM; ME - ME 421 / 3P1 / Wednesday 3:00 PM-6:00 PM"
"Civil Engineering Laboratory","CE","CE 421","Structural Engineering Laboratory","3M1","Wednesday","7:30 AM","10:30 AM","24-4313-046","Pauline Rivera","pauline.rivera@cit.edu","Yes","CE - CE 421 / 3M1 / Wednesday 7:30 AM-10:30 AM; ME - ME 317 / 1P2 / Monday 10:30 AM-1:30 PM; ME - ME 421 / 3P1 / Wednesday 3:00 PM-6:00 PM"
"Civil Engineering Laboratory","CE","CE 421","Structural Engineering Laboratory","3M1","Wednesday","7:30 AM","10:30 AM","24-9000-076","Xandra Cabrera","xandra.cabrera@cit.edu","No","CE - CE 421 / 3M1 / Wednesday 7:30 AM-10:30 AM"
"Civil Engineering Laboratory","CE","CE 421","Structural Engineering Laboratory","3M1","Wednesday","7:30 AM","10:30 AM","24-9000-077","Yves Cabrera","yves.cabrera@cit.edu","No","CE - CE 421 / 3M1 / Wednesday 7:30 AM-10:30 AM"
"Civil Engineering Laboratory","CE","CE 421","Structural Engineering Laboratory","3M1","Wednesday","7:30 AM","10:30 AM","24-9000-078","Zara Cabrera","zara.cabrera@cit.edu","No","CE - CE 421 / 3M1 / Wednesday 7:30 AM-10:30 AM"
"Civil Engineering Laboratory","CE","CE 421","Structural Engineering Laboratory","3M2","Wednesday","3:00 PM","6:00 PM","24-9000-105","Adrian Escario","adrian.escario@cit.edu","No","CE - CE 421 / 3M2 / Wednesday 3:00 PM-6:00 PM"
"Civil Engineering Laboratory","CE","CE 421","Structural Engineering Laboratory","3M2","Wednesday","3:00 PM","6:00 PM","24-9000-106","Bianca Escario","bianca.escario@cit.edu","No","CE - CE 421 / 3M2 / Wednesday 3:00 PM-6:00 PM"
"Civil Engineering Laboratory","CE","CE 421","Structural Engineering Laboratory","3M2","Wednesday","3:00 PM","6:00 PM","24-9000-107","Carlo Escario","carlo.escario@cit.edu","No","CE - CE 421 / 3M2 / Wednesday 3:00 PM-6:00 PM"
"Civil Engineering Laboratory","CE","CE 421","Structural Engineering Laboratory","3M2","Wednesday","3:00 PM","6:00 PM","24-9000-108","Daphne Escario","daphne.escario@cit.edu","No","CE - CE 421 / 3M2 / Wednesday 3:00 PM-6:00 PM"
"Civil Engineering Laboratory","CE","CE 421","Structural Engineering Laboratory","3M2","Wednesday","3:00 PM","6:00 PM","24-9000-109","Enzo Escario","enzo.escario@cit.edu","No","CE - CE 421 / 3M2 / Wednesday 3:00 PM-6:00 PM"
"Civil Engineering Laboratory","CE","CE 421","Structural Engineering Laboratory","3M2","Wednesday","3:00 PM","6:00 PM","24-9000-090","Larissa DelaCruz","larissa.delacruz@cit.edu","No","CE - CE 421 / 3M2 / Wednesday 3:00 PM-6:00 PM"
"Civil Engineering Laboratory","CE","CE 421","Structural Engineering Laboratory","3M2","Wednesday","3:00 PM","6:00 PM","24-9000-091","Marco DelaCruz","marco.delacruz@cit.edu","No","CE - CE 421 / 3M2 / Wednesday 3:00 PM-6:00 PM"
"Civil Engineering Laboratory","CE","CE 421","Structural Engineering Laboratory","3M2","Wednesday","3:00 PM","6:00 PM","24-9000-092","Nadine DelaCruz","nadine.delacruz@cit.edu","No","CE - CE 421 / 3M2 / Wednesday 3:00 PM-6:00 PM"
"Civil Engineering Laboratory","CE","CE 421","Structural Engineering Laboratory","3M2","Wednesday","3:00 PM","6:00 PM","24-9000-093","Oscar DelaCruz","oscar.delacruz@cit.edu","No","CE - CE 421 / 3M2 / Wednesday 3:00 PM-6:00 PM"
"Civil Engineering Laboratory","CE","CE 421","Structural Engineering Laboratory","3M2","Wednesday","3:00 PM","6:00 PM","24-9000-094","Patricia DelaCruz","patricia.delacruz@cit.edu","No","CE - CE 421 / 3M2 / Wednesday 3:00 PM-6:00 PM"
"Civil Engineering Laboratory","CE","CE 421","Structural Engineering Laboratory","3M2","Wednesday","3:00 PM","6:00 PM","24-9000-095","Quentin DelaCruz","quentin.delacruz@cit.edu","No","CE - CE 421 / 3M2 / Wednesday 3:00 PM-6:00 PM"
"Civil Engineering Laboratory","CE","CE 421","Structural Engineering Laboratory","3M2","Wednesday","3:00 PM","6:00 PM","24-9000-096","Rhea DelaCruz","rhea.delacruz@cit.edu","No","CE - CE 421 / 3M2 / Wednesday 3:00 PM-6:00 PM"
"Civil Engineering Laboratory","CE","CE 421","Structural Engineering Laboratory","3M2","Wednesday","3:00 PM","6:00 PM","24-9000-097","Samuel DelaCruz","samuel.delacruz@cit.edu","No","CE - CE 421 / 3M2 / Wednesday 3:00 PM-6:00 PM"
"Civil Engineering Laboratory","CE","CE 421","Structural Engineering Laboratory","3M2","Wednesday","3:00 PM","6:00 PM","24-9000-098","Trisha DelaCruz","trisha.delacruz@cit.edu","No","CE - CE 421 / 3M2 / Wednesday 3:00 PM-6:00 PM"
"Civil Engineering Laboratory","CE","CE 421","Structural Engineering Laboratory","3M2","Wednesday","3:00 PM","6:00 PM","24-9000-099","Ulysses DelaCruz","ulysses.delacruz@cit.edu","No","CE - CE 421 / 3M2 / Wednesday 3:00 PM-6:00 PM"
"Civil Engineering Laboratory","CE","CE 421","Structural Engineering Laboratory","3M2","Wednesday","3:00 PM","6:00 PM","24-9000-100","Vanessa DelaCruz","vanessa.delacruz@cit.edu","No","CE - CE 421 / 3M2 / Wednesday 3:00 PM-6:00 PM"
"Civil Engineering Laboratory","CE","CE 421","Structural Engineering Laboratory","3M2","Wednesday","3:00 PM","6:00 PM","24-9000-101","Warren DelaCruz","warren.delacruz@cit.edu","No","CE - CE 421 / 3M2 / Wednesday 3:00 PM-6:00 PM"
"Civil Engineering Laboratory","CE","CE 421","Structural Engineering Laboratory","3M2","Wednesday","3:00 PM","6:00 PM","24-9000-102","Xandra DelaCruz","xandra.delacruz@cit.edu","No","CE - CE 421 / 3M2 / Wednesday 3:00 PM-6:00 PM"
"Civil Engineering Laboratory","CE","CE 421","Structural Engineering Laboratory","3M2","Wednesday","3:00 PM","6:00 PM","24-9000-103","Yves DelaCruz","yves.delacruz@cit.edu","No","CE - CE 421 / 3M2 / Wednesday 3:00 PM-6:00 PM"
"Civil Engineering Laboratory","CE","CE 421","Structural Engineering Laboratory","3M2","Wednesday","3:00 PM","6:00 PM","24-9000-104","Zara DelaCruz","zara.delacruz@cit.edu","No","CE - CE 421 / 3M2 / Wednesday 3:00 PM-6:00 PM"
"Civil Engineering Laboratory","CE","CE 431","Construction Materials Testing Laboratory","4M1","Thursday","7:30 AM","10:30 AM","24-9000-110","Fiona Escario","fiona.escario@cit.edu","No","CE - CE 431 / 4M1 / Thursday 7:30 AM-10:30 AM"
"Civil Engineering Laboratory","CE","CE 431","Construction Materials Testing Laboratory","4M1","Thursday","7:30 AM","10:30 AM","24-9000-111","Gabriel Escario","gabriel.escario@cit.edu","No","CE - CE 431 / 4M1 / Thursday 7:30 AM-10:30 AM"
"Civil Engineering Laboratory","CE","CE 431","Construction Materials Testing Laboratory","4M1","Thursday","7:30 AM","10:30 AM","24-9000-112","Hannah Escario","hannah.escario@cit.edu","No","CE - CE 431 / 4M1 / Thursday 7:30 AM-10:30 AM"
"Civil Engineering Laboratory","CE","CE 431","Construction Materials Testing Laboratory","4M1","Thursday","7:30 AM","10:30 AM","24-9000-113","Isaac Escario","isaac.escario@cit.edu","No","CE - CE 431 / 4M1 / Thursday 7:30 AM-10:30 AM"
"Civil Engineering Laboratory","CE","CE 431","Construction Materials Testing Laboratory","4M1","Thursday","7:30 AM","10:30 AM","24-9000-114","Janelle Escario","janelle.escario@cit.edu","No","CE - CE 431 / 4M1 / Thursday 7:30 AM-10:30 AM"
"Civil Engineering Laboratory","CE","CE 431","Construction Materials Testing Laboratory","4M1","Thursday","7:30 AM","10:30 AM","24-9000-115","Kyle Escario","kyle.escario@cit.edu","No","CE - CE 431 / 4M1 / Thursday 7:30 AM-10:30 AM"
"Civil Engineering Laboratory","CE","CE 431","Construction Materials Testing Laboratory","4M1","Thursday","7:30 AM","10:30 AM","24-9000-116","Larissa Escario","larissa.escario@cit.edu","No","CE - CE 431 / 4M1 / Thursday 7:30 AM-10:30 AM"
"Civil Engineering Laboratory","CE","CE 431","Construction Materials Testing Laboratory","4M1","Thursday","7:30 AM","10:30 AM","24-9000-117","Marco Escario","marco.escario@cit.edu","No","CE - CE 431 / 4M1 / Thursday 7:30 AM-10:30 AM"
"Civil Engineering Laboratory","CE","CE 431","Construction Materials Testing Laboratory","4M1","Thursday","7:30 AM","10:30 AM","24-9000-118","Nadine Escario","nadine.escario@cit.edu","No","CE - CE 431 / 4M1 / Thursday 7:30 AM-10:30 AM"
"Civil Engineering Laboratory","CE","CE 431","Construction Materials Testing Laboratory","4M1","Thursday","7:30 AM","10:30 AM","24-9000-119","Oscar Escario","oscar.escario@cit.edu","No","CE - CE 431 / 4M1 / Thursday 7:30 AM-10:30 AM"
"Civil Engineering Laboratory","CE","CE 431","Construction Materials Testing Laboratory","4M1","Thursday","7:30 AM","10:30 AM","24-9000-120","Patricia Escario","patricia.escario@cit.edu","No","CE - CE 431 / 4M1 / Thursday 7:30 AM-10:30 AM"
"Civil Engineering Laboratory","CE","CE 431","Construction Materials Testing Laboratory","4M1","Thursday","7:30 AM","10:30 AM","24-9000-121","Quentin Escario","quentin.escario@cit.edu","No","CE - CE 431 / 4M1 / Thursday 7:30 AM-10:30 AM"
"Civil Engineering Laboratory","CE","CE 431","Construction Materials Testing Laboratory","4M1","Thursday","7:30 AM","10:30 AM","24-9000-122","Rhea Escario","rhea.escario@cit.edu","No","CE - CE 431 / 4M1 / Thursday 7:30 AM-10:30 AM"
"Civil Engineering Laboratory","CE","CE 431","Construction Materials Testing Laboratory","4M1","Thursday","7:30 AM","10:30 AM","24-9000-123","Samuel Escario","samuel.escario@cit.edu","No","CE - CE 431 / 4M1 / Thursday 7:30 AM-10:30 AM"
"Civil Engineering Laboratory","CE","CE 431","Construction Materials Testing Laboratory","4M1","Thursday","7:30 AM","10:30 AM","24-9000-124","Trisha Escario","trisha.escario@cit.edu","No","CE - CE 431 / 4M1 / Thursday 7:30 AM-10:30 AM"
"Civil Engineering Laboratory","CE","CE 431","Construction Materials Testing Laboratory","4M1","Thursday","7:30 AM","10:30 AM","24-9000-125","Ulysses Escario","ulysses.escario@cit.edu","No","CE - CE 431 / 4M1 / Thursday 7:30 AM-10:30 AM"
"Civil Engineering Laboratory","CE","CE 431","Construction Materials Testing Laboratory","4M1","Thursday","7:30 AM","10:30 AM","24-9000-126","Vanessa Escario","vanessa.escario@cit.edu","No","CE - CE 431 / 4M1 / Thursday 7:30 AM-10:30 AM"
"Civil Engineering Laboratory","CE","CE 431","Construction Materials Testing Laboratory","4M1","Thursday","7:30 AM","10:30 AM","24-9000-127","Warren Escario","warren.escario@cit.edu","No","CE - CE 431 / 4M1 / Thursday 7:30 AM-10:30 AM"
"Civil Engineering Laboratory","CE","CE 431","Construction Materials Testing Laboratory","4M1","Thursday","7:30 AM","10:30 AM","24-9000-128","Xandra Escario","xandra.escario@cit.edu","No","CE - CE 431 / 4M1 / Thursday 7:30 AM-10:30 AM"
"Civil Engineering Laboratory","CE","CE 431","Construction Materials Testing Laboratory","4M1","Thursday","7:30 AM","10:30 AM","24-9000-129","Yves Escario","yves.escario@cit.edu","No","CE - CE 431 / 4M1 / Thursday 7:30 AM-10:30 AM"
"Civil Engineering Laboratory","CE","CE 431","Construction Materials Testing Laboratory","4M2","Thursday","3:00 PM","6:00 PM","24-9000-131","Adrian Fernandez","adrian.fernandez@cit.edu","No","CE - CE 431 / 4M2 / Thursday 3:00 PM-6:00 PM"
"Civil Engineering Laboratory","CE","CE 431","Construction Materials Testing Laboratory","4M2","Thursday","3:00 PM","6:00 PM","24-9000-132","Bianca Fernandez","bianca.fernandez@cit.edu","No","CE - CE 431 / 4M2 / Thursday 3:00 PM-6:00 PM"
"Civil Engineering Laboratory","CE","CE 431","Construction Materials Testing Laboratory","4M2","Thursday","3:00 PM","6:00 PM","24-9000-133","Carlo Fernandez","carlo.fernandez@cit.edu","No","CE - CE 431 / 4M2 / Thursday 3:00 PM-6:00 PM"
"Civil Engineering Laboratory","CE","CE 431","Construction Materials Testing Laboratory","4M2","Thursday","3:00 PM","6:00 PM","24-9000-134","Daphne Fernandez","daphne.fernandez@cit.edu","No","CE - CE 431 / 4M2 / Thursday 3:00 PM-6:00 PM"
"Civil Engineering Laboratory","CE","CE 431","Construction Materials Testing Laboratory","4M2","Thursday","3:00 PM","6:00 PM","24-9000-135","Enzo Fernandez","enzo.fernandez@cit.edu","No","CE - CE 431 / 4M2 / Thursday 3:00 PM-6:00 PM"
"Civil Engineering Laboratory","CE","CE 431","Construction Materials Testing Laboratory","4M2","Thursday","3:00 PM","6:00 PM","24-9000-136","Fiona Fernandez","fiona.fernandez@cit.edu","No","CE - CE 431 / 4M2 / Thursday 3:00 PM-6:00 PM"
"Civil Engineering Laboratory","CE","CE 431","Construction Materials Testing Laboratory","4M2","Thursday","3:00 PM","6:00 PM","24-9000-137","Gabriel Fernandez","gabriel.fernandez@cit.edu","No","CE - CE 431 / 4M2 / Thursday 3:00 PM-6:00 PM"
"Civil Engineering Laboratory","CE","CE 431","Construction Materials Testing Laboratory","4M2","Thursday","3:00 PM","6:00 PM","24-9000-138","Hannah Fernandez","hannah.fernandez@cit.edu","No","CE - CE 431 / 4M2 / Thursday 3:00 PM-6:00 PM"
"Civil Engineering Laboratory","CE","CE 431","Construction Materials Testing Laboratory","4M2","Thursday","3:00 PM","6:00 PM","24-9000-139","Isaac Fernandez","isaac.fernandez@cit.edu","No","CE - CE 431 / 4M2 / Thursday 3:00 PM-6:00 PM"
"Civil Engineering Laboratory","CE","CE 431","Construction Materials Testing Laboratory","4M2","Thursday","3:00 PM","6:00 PM","24-9000-140","Janelle Fernandez","janelle.fernandez@cit.edu","No","CE - CE 431 / 4M2 / Thursday 3:00 PM-6:00 PM"
"Civil Engineering Laboratory","CE","CE 431","Construction Materials Testing Laboratory","4M2","Thursday","3:00 PM","6:00 PM","24-9000-142","Larissa Fernandez","larissa.fernandez@cit.edu","No","CE - CE 431 / 4M2 / Thursday 3:00 PM-6:00 PM"
"Civil Engineering Laboratory","CE","CE 431","Construction Materials Testing Laboratory","4M2","Thursday","3:00 PM","6:00 PM","24-9000-143","Marco Fernandez","marco.fernandez@cit.edu","No","CE - CE 431 / 4M2 / Thursday 3:00 PM-6:00 PM"
"Civil Engineering Laboratory","CE","CE 431","Construction Materials Testing Laboratory","4M2","Thursday","3:00 PM","6:00 PM","24-9000-144","Nadine Fernandez","nadine.fernandez@cit.edu","No","CE - CE 431 / 4M2 / Thursday 3:00 PM-6:00 PM"
"Civil Engineering Laboratory","CE","CE 431","Construction Materials Testing Laboratory","4M2","Thursday","3:00 PM","6:00 PM","24-9000-145","Oscar Fernandez","oscar.fernandez@cit.edu","No","CE - CE 431 / 4M2 / Thursday 3:00 PM-6:00 PM"
"Civil Engineering Laboratory","CE","CE 431","Construction Materials Testing Laboratory","4M2","Thursday","3:00 PM","6:00 PM","24-9000-146","Patricia Fernandez","patricia.fernandez@cit.edu","No","CE - CE 431 / 4M2 / Thursday 3:00 PM-6:00 PM"
"Civil Engineering Laboratory","CE","CE 431","Construction Materials Testing Laboratory","4M2","Thursday","3:00 PM","6:00 PM","24-9000-147","Quentin Fernandez","quentin.fernandez@cit.edu","No","CE - CE 431 / 4M2 / Thursday 3:00 PM-6:00 PM"
"Civil Engineering Laboratory","CE","CE 431","Construction Materials Testing Laboratory","4M2","Thursday","3:00 PM","6:00 PM","24-9000-148","Rhea Fernandez","rhea.fernandez@cit.edu","No","CE - CE 431 / 4M2 / Thursday 3:00 PM-6:00 PM"
"Civil Engineering Laboratory","CE","CE 431","Construction Materials Testing Laboratory","4M2","Thursday","3:00 PM","6:00 PM","24-9000-149","Samuel Fernandez","samuel.fernandez@cit.edu","No","CE - CE 431 / 4M2 / Thursday 3:00 PM-6:00 PM"
"Civil Engineering Laboratory","CE","CE 431","Construction Materials Testing Laboratory","4M2","Thursday","3:00 PM","6:00 PM","24-9000-150","Trisha Fernandez","trisha.fernandez@cit.edu","No","CE - CE 431 / 4M2 / Thursday 3:00 PM-6:00 PM"
"Civil Engineering Laboratory","CE","CE 431","Construction Materials Testing Laboratory","4M2","Thursday","3:00 PM","6:00 PM","24-9000-130","Zara Escario","zara.escario@cit.edu","No","CE - CE 431 / 4M2 / Thursday 3:00 PM-6:00 PM"
"Chemical Engineering Laboratory","CHE","CHEM 101","General Chemistry Laboratory","1V1","Monday","3:00 PM","6:00 PM","24-9000-001","Adrian Abella","adrian.abella@cit.edu","Yes","CE - CE 311 / 1M1 / Monday 3:00 PM-6:00 PM; CHE - CHEM 101 / 1V1 / Monday 3:00 PM-6:00 PM"
"Chemical Engineering Laboratory","CHE","CHEM 101","General Chemistry Laboratory","1V1","Monday","3:00 PM","6:00 PM","24-9000-157","Adrian Gonzales","adrian.gonzales@cit.edu","No","CHE - CHEM 101 / 1V1 / Monday 3:00 PM-6:00 PM"
"Chemical Engineering Laboratory","CHE","CHEM 101","General Chemistry Laboratory","1V1","Monday","3:00 PM","6:00 PM","24-9000-158","Bianca Gonzales","bianca.gonzales@cit.edu","No","CHE - CHEM 101 / 1V1 / Monday 3:00 PM-6:00 PM"
"Chemical Engineering Laboratory","CHE","CHEM 101","General Chemistry Laboratory","1V1","Monday","3:00 PM","6:00 PM","24-9000-159","Carlo Gonzales","carlo.gonzales@cit.edu","No","CHE - CHEM 101 / 1V1 / Monday 3:00 PM-6:00 PM"
"Chemical Engineering Laboratory","CHE","CHEM 101","General Chemistry Laboratory","1V1","Monday","3:00 PM","6:00 PM","24-9000-160","Daphne Gonzales","daphne.gonzales@cit.edu","No","CHE - CHEM 101 / 1V1 / Monday 3:00 PM-6:00 PM"
"Chemical Engineering Laboratory","CHE","CHEM 101","General Chemistry Laboratory","1V1","Monday","3:00 PM","6:00 PM","24-9000-161","Enzo Gonzales","enzo.gonzales@cit.edu","No","CHE - CHEM 101 / 1V1 / Monday 3:00 PM-6:00 PM"
"Chemical Engineering Laboratory","CHE","CHEM 101","General Chemistry Laboratory","1V1","Monday","3:00 PM","6:00 PM","24-9000-162","Fiona Gonzales","fiona.gonzales@cit.edu","No","CHE - CHEM 101 / 1V1 / Monday 3:00 PM-6:00 PM"
"Chemical Engineering Laboratory","CHE","CHEM 101","General Chemistry Laboratory","1V1","Monday","3:00 PM","6:00 PM","24-9000-163","Gabriel Gonzales","gabriel.gonzales@cit.edu","No","CHE - CHEM 101 / 1V1 / Monday 3:00 PM-6:00 PM"
"Chemical Engineering Laboratory","CHE","CHEM 101","General Chemistry Laboratory","1V1","Monday","3:00 PM","6:00 PM","24-9000-164","Hannah Gonzales","hannah.gonzales@cit.edu","No","CHE - CHEM 101 / 1V1 / Monday 3:00 PM-6:00 PM"
"Chemical Engineering Laboratory","CHE","CHEM 101","General Chemistry Laboratory","1V1","Monday","3:00 PM","6:00 PM","24-9000-165","Isaac Gonzales","isaac.gonzales@cit.edu","No","CHE - CHEM 101 / 1V1 / Monday 3:00 PM-6:00 PM"
"Chemical Engineering Laboratory","CHE","CHEM 101","General Chemistry Laboratory","1V1","Monday","3:00 PM","6:00 PM","24-9000-166","Janelle Gonzales","janelle.gonzales@cit.edu","No","CHE - CHEM 101 / 1V1 / Monday 3:00 PM-6:00 PM"
"Chemical Engineering Laboratory","CHE","CHEM 101","General Chemistry Laboratory","1V1","Monday","3:00 PM","6:00 PM","24-9000-167","Kyle Gonzales","kyle.gonzales@cit.edu","No","CHE - CHEM 101 / 1V1 / Monday 3:00 PM-6:00 PM"
"Chemical Engineering Laboratory","CHE","CHEM 101","General Chemistry Laboratory","1V1","Monday","3:00 PM","6:00 PM","24-9000-168","Larissa Gonzales","larissa.gonzales@cit.edu","No","CHE - CHEM 101 / 1V1 / Monday 3:00 PM-6:00 PM"
"Chemical Engineering Laboratory","CHE","CHEM 101","General Chemistry Laboratory","1V1","Monday","3:00 PM","6:00 PM","24-9000-169","Marco Gonzales","marco.gonzales@cit.edu","No","CHE - CHEM 101 / 1V1 / Monday 3:00 PM-6:00 PM"
"Chemical Engineering Laboratory","CHE","CHEM 101","General Chemistry Laboratory","1V1","Monday","3:00 PM","6:00 PM","24-9000-151","Ulysses Fernandez","ulysses.fernandez@cit.edu","No","CHE - CHEM 101 / 1V1 / Monday 3:00 PM-6:00 PM"
"Chemical Engineering Laboratory","CHE","CHEM 101","General Chemistry Laboratory","1V1","Monday","3:00 PM","6:00 PM","24-9000-152","Vanessa Fernandez","vanessa.fernandez@cit.edu","No","CHE - CHEM 101 / 1V1 / Monday 3:00 PM-6:00 PM"
"Chemical Engineering Laboratory","CHE","CHEM 101","General Chemistry Laboratory","1V1","Monday","3:00 PM","6:00 PM","24-9000-153","Warren Fernandez","warren.fernandez@cit.edu","No","CHE - CHEM 101 / 1V1 / Monday 3:00 PM-6:00 PM"
"Chemical Engineering Laboratory","CHE","CHEM 101","General Chemistry Laboratory","1V1","Monday","3:00 PM","6:00 PM","24-9000-154","Xandra Fernandez","xandra.fernandez@cit.edu","No","CHE - CHEM 101 / 1V1 / Monday 3:00 PM-6:00 PM"
"Chemical Engineering Laboratory","CHE","CHEM 101","General Chemistry Laboratory","1V1","Monday","3:00 PM","6:00 PM","24-9000-155","Yves Fernandez","yves.fernandez@cit.edu","No","CHE - CHEM 101 / 1V1 / Monday 3:00 PM-6:00 PM"
"Chemical Engineering Laboratory","CHE","CHEM 101","General Chemistry Laboratory","1V1","Monday","3:00 PM","6:00 PM","24-9000-156","Zara Fernandez","zara.fernandez@cit.edu","No","CHE - CHEM 101 / 1V1 / Monday 3:00 PM-6:00 PM"
"Chemical Engineering Laboratory","CHE","CHEM 101","General Chemistry Laboratory","1V2","Monday","10:30 AM","1:30 PM","24-9000-183","Adrian Hernandez","adrian.hernandez@cit.edu","No","CHE - CHEM 101 / 1V2 / Monday 10:30 AM-1:30 PM"
"Chemical Engineering Laboratory","CHE","CHEM 101","General Chemistry Laboratory","1V2","Monday","10:30 AM","1:30 PM","24-9000-184","Bianca Hernandez","bianca.hernandez@cit.edu","No","CHE - CHEM 101 / 1V2 / Monday 10:30 AM-1:30 PM"
"Chemical Engineering Laboratory","CHE","CHEM 101","General Chemistry Laboratory","1V2","Monday","10:30 AM","1:30 PM","24-9000-185","Carlo Hernandez","carlo.hernandez@cit.edu","No","CHE - CHEM 101 / 1V2 / Monday 10:30 AM-1:30 PM"
"Chemical Engineering Laboratory","CHE","CHEM 101","General Chemistry Laboratory","1V2","Monday","10:30 AM","1:30 PM","24-9000-186","Daphne Hernandez","daphne.hernandez@cit.edu","No","CHE - CHEM 101 / 1V2 / Monday 10:30 AM-1:30 PM"
"Chemical Engineering Laboratory","CHE","CHEM 101","General Chemistry Laboratory","1V2","Monday","10:30 AM","1:30 PM","24-9000-187","Enzo Hernandez","enzo.hernandez@cit.edu","No","CHE - CHEM 101 / 1V2 / Monday 10:30 AM-1:30 PM"
"Chemical Engineering Laboratory","CHE","CHEM 101","General Chemistry Laboratory","1V2","Monday","10:30 AM","1:30 PM","24-9000-188","Fiona Hernandez","fiona.hernandez@cit.edu","No","CHE - CHEM 101 / 1V2 / Monday 10:30 AM-1:30 PM"
"Chemical Engineering Laboratory","CHE","CHEM 101","General Chemistry Laboratory","1V2","Monday","10:30 AM","1:30 PM","24-9000-189","Gabriel Hernandez","gabriel.hernandez@cit.edu","No","CHE - CHEM 101 / 1V2 / Monday 10:30 AM-1:30 PM"
"Chemical Engineering Laboratory","CHE","CHEM 101","General Chemistry Laboratory","1V2","Monday","10:30 AM","1:30 PM","24-9000-190","Hannah Hernandez","hannah.hernandez@cit.edu","No","CHE - CHEM 101 / 1V2 / Monday 10:30 AM-1:30 PM"
"Chemical Engineering Laboratory","CHE","CHEM 101","General Chemistry Laboratory","1V2","Monday","10:30 AM","1:30 PM","24-9000-171","Oscar Gonzales","oscar.gonzales@cit.edu","No","CHE - CHEM 101 / 1V2 / Monday 10:30 AM-1:30 PM"
"Chemical Engineering Laboratory","CHE","CHEM 101","General Chemistry Laboratory","1V2","Monday","10:30 AM","1:30 PM","24-9000-172","Patricia Gonzales","patricia.gonzales@cit.edu","No","CHE - CHEM 101 / 1V2 / Monday 10:30 AM-1:30 PM"
"Chemical Engineering Laboratory","CHE","CHEM 101","General Chemistry Laboratory","1V2","Monday","10:30 AM","1:30 PM","24-9000-173","Quentin Gonzales","quentin.gonzales@cit.edu","No","CHE - CHEM 101 / 1V2 / Monday 10:30 AM-1:30 PM"
"Chemical Engineering Laboratory","CHE","CHEM 101","General Chemistry Laboratory","1V2","Monday","10:30 AM","1:30 PM","24-9000-174","Rhea Gonzales","rhea.gonzales@cit.edu","No","CHE - CHEM 101 / 1V2 / Monday 10:30 AM-1:30 PM"
"Chemical Engineering Laboratory","CHE","CHEM 101","General Chemistry Laboratory","1V2","Monday","10:30 AM","1:30 PM","24-9000-175","Samuel Gonzales","samuel.gonzales@cit.edu","No","CHE - CHEM 101 / 1V2 / Monday 10:30 AM-1:30 PM"
"Chemical Engineering Laboratory","CHE","CHEM 101","General Chemistry Laboratory","1V2","Monday","10:30 AM","1:30 PM","24-9000-176","Trisha Gonzales","trisha.gonzales@cit.edu","No","CHE - CHEM 101 / 1V2 / Monday 10:30 AM-1:30 PM"
"Chemical Engineering Laboratory","CHE","CHEM 101","General Chemistry Laboratory","1V2","Monday","10:30 AM","1:30 PM","24-9000-177","Ulysses Gonzales","ulysses.gonzales@cit.edu","No","CHE - CHEM 101 / 1V2 / Monday 10:30 AM-1:30 PM"
"Chemical Engineering Laboratory","CHE","CHEM 101","General Chemistry Laboratory","1V2","Monday","10:30 AM","1:30 PM","24-9000-178","Vanessa Gonzales","vanessa.gonzales@cit.edu","No","CHE - CHEM 101 / 1V2 / Monday 10:30 AM-1:30 PM"
"Chemical Engineering Laboratory","CHE","CHEM 101","General Chemistry Laboratory","1V2","Monday","10:30 AM","1:30 PM","24-9000-179","Warren Gonzales","warren.gonzales@cit.edu","No","CHE - CHEM 101 / 1V2 / Monday 10:30 AM-1:30 PM"
"Chemical Engineering Laboratory","CHE","CHEM 101","General Chemistry Laboratory","1V2","Monday","10:30 AM","1:30 PM","24-9000-180","Xandra Gonzales","xandra.gonzales@cit.edu","No","CHE - CHEM 101 / 1V2 / Monday 10:30 AM-1:30 PM"
"Chemical Engineering Laboratory","CHE","CHEM 101","General Chemistry Laboratory","1V2","Monday","10:30 AM","1:30 PM","24-9000-181","Yves Gonzales","yves.gonzales@cit.edu","No","CHE - CHEM 101 / 1V2 / Monday 10:30 AM-1:30 PM"
"Chemical Engineering Laboratory","CHE","CHEM 101","General Chemistry Laboratory","1V2","Monday","10:30 AM","1:30 PM","24-9000-182","Zara Gonzales","zara.gonzales@cit.edu","No","CHE - CHEM 101 / 1V2 / Monday 10:30 AM-1:30 PM"
"Chemical Engineering Laboratory","CHE","CHEM 201","Fluid Mechanics Laboratory","2V2","Tuesday","10:30 AM","1:30 PM","24-4313-008","Ava Ramirez","ava.ramirez@cit.edu","Yes","CE - CE 311 / 1M1 / Monday 3:00 PM-6:00 PM; CHE - CHEM 201 / 2V2 / Tuesday 10:30 AM-1:30 PM; CHE - CHEM102 / 1V3 / Monday 1:30 PM-4:30 PM"
"Chemical Engineering Laboratory","CHE","CHEM 201","Fluid Mechanics Laboratory","2V2","Tuesday","10:30 AM","1:30 PM","24-4313-013","Benjamin Ramos","ben.ramos@cit.edu","Yes","CE - CE 311 / 1M1 / Monday 3:00 PM-6:00 PM; CHE - CHEM 201 / 2V2 / Tuesday 10:30 AM-1:30 PM; CHE - CHEM102 / 1V3 / Monday 1:30 PM-4:30 PM"
"Chemical Engineering Laboratory","CHE","CHEM 201","Fluid Mechanics Laboratory","2V2","Tuesday","10:30 AM","1:30 PM","24-4313-004","Chloe Mendoza","chloe.mendoza@cit.edu","Yes","CE - CE 311 / 1M1 / Monday 3:00 PM-6:00 PM; CHE - CHEM 201 / 2V2 / Tuesday 10:30 AM-1:30 PM; CHE - CHEM102 / 1V3 / Monday 1:30 PM-4:30 PM"
"Chemical Engineering Laboratory","CHE","CHEM 201","Fluid Mechanics Laboratory","2V2","Tuesday","10:30 AM","1:30 PM","24-4313-852","EJ Kate C. Alcover","ejkate.alcover@cit.edu","Yes","CE - CE 311 / 1M1 / Monday 3:00 PM-6:00 PM; CHE - CHEM 201 / 2V2 / Tuesday 10:30 AM-1:30 PM; CHE - CHEM102 / 1V3 / Monday 1:30 PM-4:30 PM"
"Chemical Engineering Laboratory","CHE","CHEM 201","Fluid Mechanics Laboratory","2V2","Tuesday","10:30 AM","1:30 PM","24-4313-010","Ella Bautista","ella.bautista@cit.edu","Yes","CE - CE 311 / 1M1 / Monday 3:00 PM-6:00 PM; CHE - CHEM 201 / 2V2 / Tuesday 10:30 AM-1:30 PM; CHE - CHEM102 / 1V3 / Monday 1:30 PM-4:30 PM"
"Chemical Engineering Laboratory","CHE","CHEM 201","Fluid Mechanics Laboratory","2V2","Tuesday","10:30 AM","1:30 PM","24-4313-001","Ethan Reyes","ethan.reyes@cit.edu","Yes","CE - CE 311 / 1M1 / Monday 3:00 PM-6:00 PM; CHE - CHEM 201 / 2V2 / Tuesday 10:30 AM-1:30 PM; CHE - CHEM102 / 1V3 / Monday 1:30 PM-4:30 PM"
"Chemical Engineering Laboratory","CHE","CHEM 201","Fluid Mechanics Laboratory","2V2","Tuesday","10:30 AM","1:30 PM","24-4313-012","Grace Castillo","grace.castillo@cit.edu","Yes","CE - CE 311 / 1M1 / Monday 3:00 PM-6:00 PM; CHE - CHEM 201 / 2V2 / Tuesday 10:30 AM-1:30 PM; CHE - CHEM102 / 1V3 / Monday 1:30 PM-4:30 PM"
"Chemical Engineering Laboratory","CHE","CHEM 201","Fluid Mechanics Laboratory","2V2","Tuesday","10:30 AM","1:30 PM","24-9000-191","Isaac Hernandez","isaac.hernandez@cit.edu","No","CHE - CHEM 201 / 2V2 / Tuesday 10:30 AM-1:30 PM"
"Chemical Engineering Laboratory","CHE","CHEM 201","Fluid Mechanics Laboratory","2V2","Tuesday","10:30 AM","1:30 PM","24-4313-011","James Navarro","james.navarro@cit.edu","Yes","CE - CE 311 / 1M1 / Monday 3:00 PM-6:00 PM; CHE - CHEM 201 / 2V2 / Tuesday 10:30 AM-1:30 PM; CHE - CHEM102 / 1V3 / Monday 1:30 PM-4:30 PM"
"Chemical Engineering Laboratory","CHE","CHEM 201","Fluid Mechanics Laboratory","2V2","Tuesday","10:30 AM","1:30 PM","24-9000-192","Janelle Hernandez","janelle.hernandez@cit.edu","No","CHE - CHEM 201 / 2V2 / Tuesday 10:30 AM-1:30 PM"
"Chemical Engineering Laboratory","CHE","CHEM 201","Fluid Mechanics Laboratory","2V2","Tuesday","10:30 AM","1:30 PM","24-9000-193","Kyle Hernandez","kyle.hernandez@cit.edu","No","CHE - CHEM 201 / 2V2 / Tuesday 10:30 AM-1:30 PM"
"Chemical Engineering Laboratory","CHE","CHEM 201","Fluid Mechanics Laboratory","2V2","Tuesday","10:30 AM","1:30 PM","24-9000-194","Larissa Hernandez","larissa.hernandez@cit.edu","No","CHE - CHEM 201 / 2V2 / Tuesday 10:30 AM-1:30 PM"
"Chemical Engineering Laboratory","CHE","CHEM 201","Fluid Mechanics Laboratory","2V2","Tuesday","10:30 AM","1:30 PM","24-4313-003","Liam Santos","liam.santos@cit.edu","Yes","CE - CE 311 / 1M1 / Monday 3:00 PM-6:00 PM; CHE - CHEM 201 / 2V2 / Tuesday 10:30 AM-1:30 PM; CHE - CHEM102 / 1V3 / Monday 1:30 PM-4:30 PM"
"Chemical Engineering Laboratory","CHE","CHEM 201","Fluid Mechanics Laboratory","2V2","Tuesday","10:30 AM","1:30 PM","24-4313-007","Lucas Torres","lucas.torres@cit.edu","Yes","CE - CE 311 / 1M1 / Monday 3:00 PM-6:00 PM; CHE - CHEM 201 / 2V2 / Tuesday 10:30 AM-1:30 PM; CHE - CHEM102 / 1V3 / Monday 1:30 PM-4:30 PM"
"Chemical Engineering Laboratory","CHE","CHEM 201","Fluid Mechanics Laboratory","2V2","Tuesday","10:30 AM","1:30 PM","24-9000-195","Marco Hernandez","marco.hernandez@cit.edu","No","CHE - CHEM 201 / 2V2 / Tuesday 10:30 AM-1:30 PM"
"Chemical Engineering Laboratory","CHE","CHEM 201","Fluid Mechanics Laboratory","2V2","Tuesday","10:30 AM","1:30 PM","24-4313-009","Mason Villanueva","mason.villa@cit.edu","Yes","CE - CE 311 / 1M1 / Monday 3:00 PM-6:00 PM; CHE - CHEM 201 / 2V2 / Tuesday 10:30 AM-1:30 PM; CHE - CHEM102 / 1V3 / Monday 1:30 PM-4:30 PM"
"Chemical Engineering Laboratory","CHE","CHEM 201","Fluid Mechanics Laboratory","2V2","Tuesday","10:30 AM","1:30 PM","24-4313-006","Mia Flores","mia.flores@cit.edu","Yes","CE - CE 311 / 1M1 / Monday 3:00 PM-6:00 PM; CHE - CHEM 201 / 2V2 / Tuesday 10:30 AM-1:30 PM; CHE - CHEM102 / 1V3 / Monday 1:30 PM-4:30 PM"
"Chemical Engineering Laboratory","CHE","CHEM 201","Fluid Mechanics Laboratory","2V2","Tuesday","10:30 AM","1:30 PM","24-4313-005","Noah Garcia","noah.garcia@cit.edu","Yes","CE - CE 311 / 1M1 / Monday 3:00 PM-6:00 PM; CHE - CHEM 201 / 2V2 / Tuesday 10:30 AM-1:30 PM; CHE - CHEM102 / 1V3 / Monday 1:30 PM-4:30 PM"
"Chemical Engineering Laboratory","CHE","CHEM 201","Fluid Mechanics Laboratory","2V2","Tuesday","10:30 AM","1:30 PM","24-4313-014","Scarlett Aquino","scarlett.aquino@cit.edu","Yes","CE - CE 311 / 1M1 / Monday 3:00 PM-6:00 PM; CHE - CHEM 201 / 2V2 / Tuesday 10:30 AM-1:30 PM; CHE - CHEM102 / 1V3 / Monday 1:30 PM-4:30 PM"
"Chemical Engineering Laboratory","CHE","CHEM 201","Fluid Mechanics Laboratory","2V2","Tuesday","10:30 AM","1:30 PM","24-4313-002","Sophia Cruz","sophia.cruz@cit.edu","Yes","CE - CE 311 / 1M1 / Monday 3:00 PM-6:00 PM; CHE - CHEM 201 / 2V2 / Tuesday 10:30 AM-1:30 PM; CHE - CHEM102 / 1V3 / Monday 1:30 PM-4:30 PM"
"Chemical Engineering Laboratory","CHE","CHEM 201","Fluid Mechanics Laboratory","2V3","Tuesday","1:30 PM","4:30 PM","24-9000-209","Adrian Ilagan","adrian.ilagan@cit.edu","No","CHE - CHEM 201 / 2V3 / Tuesday 1:30 PM-4:30 PM"
"Chemical Engineering Laboratory","CHE","CHEM 201","Fluid Mechanics Laboratory","2V3","Tuesday","1:30 PM","4:30 PM","24-9000-210","Bianca Ilagan","bianca.ilagan@cit.edu","No","CHE - CHEM 201 / 2V3 / Tuesday 1:30 PM-4:30 PM"
"Chemical Engineering Laboratory","CHE","CHEM 201","Fluid Mechanics Laboratory","2V3","Tuesday","1:30 PM","4:30 PM","24-9000-211","Carlo Ilagan","carlo.ilagan@cit.edu","No","CHE - CHEM 201 / 2V3 / Tuesday 1:30 PM-4:30 PM"
"Chemical Engineering Laboratory","CHE","CHEM 201","Fluid Mechanics Laboratory","2V3","Tuesday","1:30 PM","4:30 PM","24-9000-212","Daphne Ilagan","daphne.ilagan@cit.edu","No","CHE - CHEM 201 / 2V3 / Tuesday 1:30 PM-4:30 PM"
"Chemical Engineering Laboratory","CHE","CHEM 201","Fluid Mechanics Laboratory","2V3","Tuesday","1:30 PM","4:30 PM","24-9000-213","Enzo Ilagan","enzo.ilagan@cit.edu","No","CHE - CHEM 201 / 2V3 / Tuesday 1:30 PM-4:30 PM"
"Chemical Engineering Laboratory","CHE","CHEM 201","Fluid Mechanics Laboratory","2V3","Tuesday","1:30 PM","4:30 PM","24-9000-214","Fiona Ilagan","fiona.ilagan@cit.edu","No","CHE - CHEM 201 / 2V3 / Tuesday 1:30 PM-4:30 PM"
"Chemical Engineering Laboratory","CHE","CHEM 201","Fluid Mechanics Laboratory","2V3","Tuesday","1:30 PM","4:30 PM","24-9000-215","Gabriel Ilagan","gabriel.ilagan@cit.edu","No","CHE - CHEM 201 / 2V3 / Tuesday 1:30 PM-4:30 PM"
"Chemical Engineering Laboratory","CHE","CHEM 201","Fluid Mechanics Laboratory","2V3","Tuesday","1:30 PM","4:30 PM","24-9000-196","Nadine Hernandez","nadine.hernandez@cit.edu","No","CHE - CHEM 201 / 2V3 / Tuesday 1:30 PM-4:30 PM"
"Chemical Engineering Laboratory","CHE","CHEM 201","Fluid Mechanics Laboratory","2V3","Tuesday","1:30 PM","4:30 PM","24-9000-197","Oscar Hernandez","oscar.hernandez@cit.edu","No","CHE - CHEM 201 / 2V3 / Tuesday 1:30 PM-4:30 PM"
"Chemical Engineering Laboratory","CHE","CHEM 201","Fluid Mechanics Laboratory","2V3","Tuesday","1:30 PM","4:30 PM","24-9000-198","Patricia Hernandez","patricia.hernandez@cit.edu","No","CHE - CHEM 201 / 2V3 / Tuesday 1:30 PM-4:30 PM"
"Chemical Engineering Laboratory","CHE","CHEM 201","Fluid Mechanics Laboratory","2V3","Tuesday","1:30 PM","4:30 PM","24-9000-199","Quentin Hernandez","quentin.hernandez@cit.edu","No","CHE - CHEM 201 / 2V3 / Tuesday 1:30 PM-4:30 PM"
"Chemical Engineering Laboratory","CHE","CHEM 201","Fluid Mechanics Laboratory","2V3","Tuesday","1:30 PM","4:30 PM","24-9000-200","Rhea Hernandez","rhea.hernandez@cit.edu","No","CHE - CHEM 201 / 2V3 / Tuesday 1:30 PM-4:30 PM"
"Chemical Engineering Laboratory","CHE","CHEM 201","Fluid Mechanics Laboratory","2V3","Tuesday","1:30 PM","4:30 PM","24-9000-201","Samuel Hernandez","samuel.hernandez@cit.edu","No","CHE - CHEM 201 / 2V3 / Tuesday 1:30 PM-4:30 PM"
"Chemical Engineering Laboratory","CHE","CHEM 201","Fluid Mechanics Laboratory","2V3","Tuesday","1:30 PM","4:30 PM","24-9000-202","Trisha Hernandez","trisha.hernandez@cit.edu","No","CHE - CHEM 201 / 2V3 / Tuesday 1:30 PM-4:30 PM"
"Chemical Engineering Laboratory","CHE","CHEM 201","Fluid Mechanics Laboratory","2V3","Tuesday","1:30 PM","4:30 PM","24-9000-203","Ulysses Hernandez","ulysses.hernandez@cit.edu","No","CHE - CHEM 201 / 2V3 / Tuesday 1:30 PM-4:30 PM"
"Chemical Engineering Laboratory","CHE","CHEM 201","Fluid Mechanics Laboratory","2V3","Tuesday","1:30 PM","4:30 PM","24-9000-204","Vanessa Hernandez","vanessa.hernandez@cit.edu","No","CHE - CHEM 201 / 2V3 / Tuesday 1:30 PM-4:30 PM"
"Chemical Engineering Laboratory","CHE","CHEM 201","Fluid Mechanics Laboratory","2V3","Tuesday","1:30 PM","4:30 PM","24-9000-205","Warren Hernandez","warren.hernandez@cit.edu","No","CHE - CHEM 201 / 2V3 / Tuesday 1:30 PM-4:30 PM"
"Chemical Engineering Laboratory","CHE","CHEM 201","Fluid Mechanics Laboratory","2V3","Tuesday","1:30 PM","4:30 PM","24-9000-206","Xandra Hernandez","xandra.hernandez@cit.edu","No","CHE - CHEM 201 / 2V3 / Tuesday 1:30 PM-4:30 PM"
"Chemical Engineering Laboratory","CHE","CHEM 201","Fluid Mechanics Laboratory","2V3","Tuesday","1:30 PM","4:30 PM","24-9000-207","Yves Hernandez","yves.hernandez@cit.edu","No","CHE - CHEM 201 / 2V3 / Tuesday 1:30 PM-4:30 PM"
"Chemical Engineering Laboratory","CHE","CHEM 201","Fluid Mechanics Laboratory","2V3","Tuesday","1:30 PM","4:30 PM","24-9000-208","Zara Hernandez","zara.hernandez@cit.edu","No","CHE - CHEM 201 / 2V3 / Tuesday 1:30 PM-4:30 PM"
"Chemical Engineering Laboratory","CHE","CHEM 202"," Heat Transfer Laboratory","3V1","Wednesday","7:30 AM","10:30 AM","24-4313-021","Andrew Chua","andrew.chua@cit.edu","Yes","CE - CE 311 / 1M2 / Monday 10:30 AM-1:30 PM; CHE - CHEM 202 / 3V1 / Wednesday 7:30 AM-10:30 AM; CHE - CHEM102 / 2V1 / Tuesday 7:30 AM-10:30 AM"
"Chemical Engineering Laboratory","CHE","CHEM 202"," Heat Transfer Laboratory","3V1","Wednesday","7:30 AM","10:30 AM","24-4313-026","Angela Sy","angela.sy@cit.edu","Yes","CE - CE 311 / 1M2 / Monday 10:30 AM-1:30 PM; CHE - CHEM 202 / 3V1 / Wednesday 7:30 AM-10:30 AM; CHE - CHEM102 / 2V1 / Tuesday 7:30 AM-10:30 AM"
"Chemical Engineering Laboratory","CHE","CHEM 202"," Heat Transfer Laboratory","3V1","Wednesday","7:30 AM","10:30 AM","24-4313-017","Daniel Velasco","daniel.velasco@cit.edu","Yes","CE - CE 311 / 1M2 / Monday 10:30 AM-1:30 PM; CHE - CHEM 202 / 3V1 / Wednesday 7:30 AM-10:30 AM; CHE - CHEM102 / 2V1 / Tuesday 7:30 AM-10:30 AM"
"Chemical Engineering Laboratory","CHE","CHEM 202"," Heat Transfer Laboratory","3V1","Wednesday","7:30 AM","10:30 AM","24-4313-025","Elijah Co","elijah.co@cit.edu","Yes","CE - CE 311 / 1M2 / Monday 10:30 AM-1:30 PM; CHE - CHEM 202 / 3V1 / Wednesday 7:30 AM-10:30 AM; CHE - CHEM102 / 2V1 / Tuesday 7:30 AM-10:30 AM"
"Chemical Engineering Laboratory","CHE","CHEM 202"," Heat Transfer Laboratory","3V1","Wednesday","7:30 AM","10:30 AM","24-9000-005","Enzo Abella","enzo.abella@cit.edu","Yes","CE - CE 311 / 1M1 / Monday 3:00 PM-6:00 PM; CHE - CHEM 202 / 3V1 / Wednesday 7:30 AM-10:30 AM"
"Chemical Engineering Laboratory","CHE","CHEM 202"," Heat Transfer Laboratory","3V1","Wednesday","7:30 AM","10:30 AM","24-4313-027","Gabriel Uy","gabriel.uy@cit.edu","Yes","CE - CE 311 / 1M2 / Monday 10:30 AM-1:30 PM; CHE - CHEM 202 / 3V1 / Wednesday 7:30 AM-10:30 AM; CHE - CHEM102 / 2V1 / Tuesday 7:30 AM-10:30 AM"
"Chemical Engineering Laboratory","CHE","CHEM 202"," Heat Transfer Laboratory","3V1","Wednesday","7:30 AM","10:30 AM","24-9000-216","Hannah Ilagan","hannah.ilagan@cit.edu","No","CHE - CHEM 202 / 3V1 / Wednesday 7:30 AM-10:30 AM"
"Chemical Engineering Laboratory","CHE","CHEM 202"," Heat Transfer Laboratory","3V1","Wednesday","7:30 AM","10:30 AM","24-4313-018","Hannah Perez","hannah.perez@cit.edu","Yes","CE - CE 311 / 1M2 / Monday 10:30 AM-1:30 PM; CHE - CHEM 202 / 3V1 / Wednesday 7:30 AM-10:30 AM; CHE - CHEM102 / 2V1 / Tuesday 7:30 AM-10:30 AM"
"Chemical Engineering Laboratory","CHE","CHEM 202"," Heat Transfer Laboratory","3V1","Wednesday","7:30 AM","10:30 AM","24-4313-015","Henry Salazar","henry.salazar@cit.edu","Yes","CE - CE 311 / 1M2 / Monday 10:30 AM-1:30 PM; CHE - CHEM 202 / 3V1 / Wednesday 7:30 AM-10:30 AM; CHE - CHEM102 / 2V1 / Tuesday 7:30 AM-10:30 AM"
"Chemical Engineering Laboratory","CHE","CHEM 202"," Heat Transfer Laboratory","3V1","Wednesday","7:30 AM","10:30 AM","24-9000-217","Isaac Ilagan","isaac.ilagan@cit.edu","No","CHE - CHEM 202 / 3V1 / Wednesday 7:30 AM-10:30 AM"
"Chemical Engineering Laboratory","CHE","CHEM 202"," Heat Transfer Laboratory","3V1","Wednesday","7:30 AM","10:30 AM","24-9000-218","Janelle Ilagan","janelle.ilagan@cit.edu","No","CHE - CHEM 202 / 3V1 / Wednesday 7:30 AM-10:30 AM"
"Chemical Engineering Laboratory","CHE","CHEM 202"," Heat Transfer Laboratory","3V1","Wednesday","7:30 AM","10:30 AM","24-4313-028","Jasmine Lee","jasmine.lee@cit.edu","Yes","CE - CE 311 / 1M2 / Monday 10:30 AM-1:30 PM; CHE - CHEM 202 / 3V1 / Wednesday 7:30 AM-10:30 AM; CHE - CHEM102 / 2V1 / Tuesday 7:30 AM-10:30 AM"
"Chemical Engineering Laboratory","CHE","CHEM 202"," Heat Transfer Laboratory","3V1","Wednesday","7:30 AM","10:30 AM","24-4313-023","Joshua Tan","joshua.tan@cit.edu","Yes","CE - CE 311 / 1M2 / Monday 10:30 AM-1:30 PM; CHE - CHEM 202 / 3V1 / Wednesday 7:30 AM-10:30 AM; CHE - CHEM102 / 2V1 / Tuesday 7:30 AM-10:30 AM"
"Chemical Engineering Laboratory","CHE","CHEM 202"," Heat Transfer Laboratory","3V1","Wednesday","7:30 AM","10:30 AM","24-9000-219","Kyle Ilagan","kyle.ilagan@cit.edu","No","CHE - CHEM 202 / 3V1 / Wednesday 7:30 AM-10:30 AM"
"Chemical Engineering Laboratory","CHE","CHEM 202"," Heat Transfer Laboratory","3V1","Wednesday","7:30 AM","10:30 AM","24-4313-019","Matthew Dela Cruz","matt.dc@cit.edu","Yes","CE - CE 311 / 1M2 / Monday 10:30 AM-1:30 PM; CHE - CHEM 202 / 3V1 / Wednesday 7:30 AM-10:30 AM; CHE - CHEM102 / 2V1 / Tuesday 7:30 AM-10:30 AM"
"Chemical Engineering Laboratory","CHE","CHEM 202"," Heat Transfer Laboratory","3V1","Wednesday","7:30 AM","10:30 AM","24-4313-020","Natalie Ong","natalie.ong@cit.edu","Yes","CE - CE 311 / 1M2 / Monday 10:30 AM-1:30 PM; CHE - CHEM 202 / 3V1 / Wednesday 7:30 AM-10:30 AM; CHE - CHEM102 / 2V1 / Tuesday 7:30 AM-10:30 AM"
"Chemical Engineering Laboratory","CHE","CHEM 202"," Heat Transfer Laboratory","3V1","Wednesday","7:30 AM","10:30 AM","24-4313-029","Nathan Chan","nathan.chan@cit.edu","Yes","CE - CE 311 / 1M2 / Monday 10:30 AM-1:30 PM; CHE - CHEM 202 / 3V1 / Wednesday 7:30 AM-10:30 AM; CHE - CHEM102 / 2V1 / Tuesday 7:30 AM-10:30 AM"
"Chemical Engineering Laboratory","CHE","CHEM 202"," Heat Transfer Laboratory","3V1","Wednesday","7:30 AM","10:30 AM","24-4313-024","Patricia Go","patricia.go@cit.edu","Yes","CE - CE 311 / 1M2 / Monday 10:30 AM-1:30 PM; CHE - CHEM 202 / 3V1 / Wednesday 7:30 AM-10:30 AM; CHE - CHEM102 / 2V1 / Tuesday 7:30 AM-10:30 AM"
"Chemical Engineering Laboratory","CHE","CHEM 202"," Heat Transfer Laboratory","3V1","Wednesday","7:30 AM","10:30 AM","24-4313-022","Samantha Yu","samantha.yu@cit.edu","Yes","CE - CE 311 / 1M2 / Monday 10:30 AM-1:30 PM; CHE - CHEM 202 / 3V1 / Wednesday 7:30 AM-10:30 AM; CHE - CHEM102 / 2V1 / Tuesday 7:30 AM-10:30 AM"
"Chemical Engineering Laboratory","CHE","CHEM 202"," Heat Transfer Laboratory","3V1","Wednesday","7:30 AM","10:30 AM","24-4313-016","Victoria Lim","victoria.lim@cit.edu","Yes","CE - CE 311 / 1M2 / Monday 10:30 AM-1:30 PM; CHE - CHEM 202 / 3V1 / Wednesday 7:30 AM-10:30 AM; CHE - CHEM102 / 2V1 / Tuesday 7:30 AM-10:30 AM"
"Chemical Engineering Laboratory","CHE","CHEM 202"," Heat Transfer Laboratory","3V2","Wednesday","10:30 AM","1:30 PM","24-9000-235","Adrian Jimenez","adrian.jimenez@cit.edu","No","CHE - CHEM 202 / 3V2 / Wednesday 10:30 AM-1:30 PM"
"Chemical Engineering Laboratory","CHE","CHEM 202"," Heat Transfer Laboratory","3V2","Wednesday","10:30 AM","1:30 PM","24-9000-236","Bianca Jimenez","bianca.jimenez@cit.edu","No","CHE - CHEM 202 / 3V2 / Wednesday 10:30 AM-1:30 PM"
"Chemical Engineering Laboratory","CHE","CHEM 202"," Heat Transfer Laboratory","3V2","Wednesday","10:30 AM","1:30 PM","24-9000-237","Carlo Jimenez","carlo.jimenez@cit.edu","No","CHE - CHEM 202 / 3V2 / Wednesday 10:30 AM-1:30 PM"
"Chemical Engineering Laboratory","CHE","CHEM 202"," Heat Transfer Laboratory","3V2","Wednesday","10:30 AM","1:30 PM","24-9000-238","Daphne Jimenez","daphne.jimenez@cit.edu","No","CHE - CHEM 202 / 3V2 / Wednesday 10:30 AM-1:30 PM"
"Chemical Engineering Laboratory","CHE","CHEM 202"," Heat Transfer Laboratory","3V2","Wednesday","10:30 AM","1:30 PM","24-9000-239","Enzo Jimenez","enzo.jimenez@cit.edu","No","CHE - CHEM 202 / 3V2 / Wednesday 10:30 AM-1:30 PM"
"Chemical Engineering Laboratory","CHE","CHEM 202"," Heat Transfer Laboratory","3V2","Wednesday","10:30 AM","1:30 PM","24-9000-240","Fiona Jimenez","fiona.jimenez@cit.edu","No","CHE - CHEM 202 / 3V2 / Wednesday 10:30 AM-1:30 PM"
"Chemical Engineering Laboratory","CHE","CHEM 202"," Heat Transfer Laboratory","3V2","Wednesday","10:30 AM","1:30 PM","24-9000-221","Marco Ilagan","marco.ilagan@cit.edu","No","CHE - CHEM 202 / 3V2 / Wednesday 10:30 AM-1:30 PM"
"Chemical Engineering Laboratory","CHE","CHEM 202"," Heat Transfer Laboratory","3V2","Wednesday","10:30 AM","1:30 PM","24-9000-222","Nadine Ilagan","nadine.ilagan@cit.edu","No","CHE - CHEM 202 / 3V2 / Wednesday 10:30 AM-1:30 PM"
"Chemical Engineering Laboratory","CHE","CHEM 202"," Heat Transfer Laboratory","3V2","Wednesday","10:30 AM","1:30 PM","24-9000-223","Oscar Ilagan","oscar.ilagan@cit.edu","No","CHE - CHEM 202 / 3V2 / Wednesday 10:30 AM-1:30 PM"
"Chemical Engineering Laboratory","CHE","CHEM 202"," Heat Transfer Laboratory","3V2","Wednesday","10:30 AM","1:30 PM","24-9000-224","Patricia Ilagan","patricia.ilagan@cit.edu","No","CHE - CHEM 202 / 3V2 / Wednesday 10:30 AM-1:30 PM"
"Chemical Engineering Laboratory","CHE","CHEM 202"," Heat Transfer Laboratory","3V2","Wednesday","10:30 AM","1:30 PM","24-9000-225","Quentin Ilagan","quentin.ilagan@cit.edu","No","CHE - CHEM 202 / 3V2 / Wednesday 10:30 AM-1:30 PM"
"Chemical Engineering Laboratory","CHE","CHEM 202"," Heat Transfer Laboratory","3V2","Wednesday","10:30 AM","1:30 PM","24-9000-226","Rhea Ilagan","rhea.ilagan@cit.edu","No","CHE - CHEM 202 / 3V2 / Wednesday 10:30 AM-1:30 PM"
"Chemical Engineering Laboratory","CHE","CHEM 202"," Heat Transfer Laboratory","3V2","Wednesday","10:30 AM","1:30 PM","24-9000-227","Samuel Ilagan","samuel.ilagan@cit.edu","No","CHE - CHEM 202 / 3V2 / Wednesday 10:30 AM-1:30 PM"
"Chemical Engineering Laboratory","CHE","CHEM 202"," Heat Transfer Laboratory","3V2","Wednesday","10:30 AM","1:30 PM","24-9000-228","Trisha Ilagan","trisha.ilagan@cit.edu","No","CHE - CHEM 202 / 3V2 / Wednesday 10:30 AM-1:30 PM"
"Chemical Engineering Laboratory","CHE","CHEM 202"," Heat Transfer Laboratory","3V2","Wednesday","10:30 AM","1:30 PM","24-9000-229","Ulysses Ilagan","ulysses.ilagan@cit.edu","No","CHE - CHEM 202 / 3V2 / Wednesday 10:30 AM-1:30 PM"
"Chemical Engineering Laboratory","CHE","CHEM 202"," Heat Transfer Laboratory","3V2","Wednesday","10:30 AM","1:30 PM","24-9000-230","Vanessa Ilagan","vanessa.ilagan@cit.edu","No","CHE - CHEM 202 / 3V2 / Wednesday 10:30 AM-1:30 PM"
"Chemical Engineering Laboratory","CHE","CHEM 202"," Heat Transfer Laboratory","3V2","Wednesday","10:30 AM","1:30 PM","24-9000-231","Warren Ilagan","warren.ilagan@cit.edu","No","CHE - CHEM 202 / 3V2 / Wednesday 10:30 AM-1:30 PM"
"Chemical Engineering Laboratory","CHE","CHEM 202"," Heat Transfer Laboratory","3V2","Wednesday","10:30 AM","1:30 PM","24-9000-232","Xandra Ilagan","xandra.ilagan@cit.edu","No","CHE - CHEM 202 / 3V2 / Wednesday 10:30 AM-1:30 PM"
"Chemical Engineering Laboratory","CHE","CHEM 202"," Heat Transfer Laboratory","3V2","Wednesday","10:30 AM","1:30 PM","24-9000-233","Yves Ilagan","yves.ilagan@cit.edu","No","CHE - CHEM 202 / 3V2 / Wednesday 10:30 AM-1:30 PM"
"Chemical Engineering Laboratory","CHE","CHEM 202"," Heat Transfer Laboratory","3V2","Wednesday","10:30 AM","1:30 PM","24-9000-234","Zara Ilagan","zara.ilagan@cit.edu","No","CHE - CHEM 202 / 3V2 / Wednesday 10:30 AM-1:30 PM"
"Chemical Engineering Laboratory","CHE","CHEM102","Chemical Engineering Calculations Lab","1V3","Monday","1:30 PM","4:30 PM","24-4313-008","Ava Ramirez","ava.ramirez@cit.edu","Yes","CE - CE 311 / 1M1 / Monday 3:00 PM-6:00 PM; CHE - CHEM 201 / 2V2 / Tuesday 10:30 AM-1:30 PM; CHE - CHEM102 / 1V3 / Monday 1:30 PM-4:30 PM"
"Chemical Engineering Laboratory","CHE","CHEM102","Chemical Engineering Calculations Lab","1V3","Monday","1:30 PM","4:30 PM","24-4313-013","Benjamin Ramos","ben.ramos@cit.edu","Yes","CE - CE 311 / 1M1 / Monday 3:00 PM-6:00 PM; CHE - CHEM 201 / 2V2 / Tuesday 10:30 AM-1:30 PM; CHE - CHEM102 / 1V3 / Monday 1:30 PM-4:30 PM"
"Chemical Engineering Laboratory","CHE","CHEM102","Chemical Engineering Calculations Lab","1V3","Monday","1:30 PM","4:30 PM","24-9000-003","Carlo Abella","carlo.abella@cit.edu","Yes","CE - CE 311 / 1M1 / Monday 3:00 PM-6:00 PM; CHE - CHEM102 / 1V3 / Monday 1:30 PM-4:30 PM"
"Chemical Engineering Laboratory","CHE","CHEM102","Chemical Engineering Calculations Lab","1V3","Monday","1:30 PM","4:30 PM","24-4313-004","Chloe Mendoza","chloe.mendoza@cit.edu","Yes","CE - CE 311 / 1M1 / Monday 3:00 PM-6:00 PM; CHE - CHEM 201 / 2V2 / Tuesday 10:30 AM-1:30 PM; CHE - CHEM102 / 1V3 / Monday 1:30 PM-4:30 PM"
"Chemical Engineering Laboratory","CHE","CHEM102","Chemical Engineering Calculations Lab","1V3","Monday","1:30 PM","4:30 PM","24-4313-852","EJ Kate C. Alcover","ejkate.alcover@cit.edu","Yes","CE - CE 311 / 1M1 / Monday 3:00 PM-6:00 PM; CHE - CHEM 201 / 2V2 / Tuesday 10:30 AM-1:30 PM; CHE - CHEM102 / 1V3 / Monday 1:30 PM-4:30 PM"
"Chemical Engineering Laboratory","CHE","CHEM102","Chemical Engineering Calculations Lab","1V3","Monday","1:30 PM","4:30 PM","24-4313-010","Ella Bautista","ella.bautista@cit.edu","Yes","CE - CE 311 / 1M1 / Monday 3:00 PM-6:00 PM; CHE - CHEM 201 / 2V2 / Tuesday 10:30 AM-1:30 PM; CHE - CHEM102 / 1V3 / Monday 1:30 PM-4:30 PM"
"Chemical Engineering Laboratory","CHE","CHEM102","Chemical Engineering Calculations Lab","1V3","Monday","1:30 PM","4:30 PM","24-4313-001","Ethan Reyes","ethan.reyes@cit.edu","Yes","CE - CE 311 / 1M1 / Monday 3:00 PM-6:00 PM; CHE - CHEM 201 / 2V2 / Tuesday 10:30 AM-1:30 PM; CHE - CHEM102 / 1V3 / Monday 1:30 PM-4:30 PM"
"Chemical Engineering Laboratory","CHE","CHEM102","Chemical Engineering Calculations Lab","1V3","Monday","1:30 PM","4:30 PM","24-9000-241","Gabriel Jimenez","gabriel.jimenez@cit.edu","No","CHE - CHEM102 / 1V3 / Monday 1:30 PM-4:30 PM"
"Chemical Engineering Laboratory","CHE","CHEM102","Chemical Engineering Calculations Lab","1V3","Monday","1:30 PM","4:30 PM","24-4313-012","Grace Castillo","grace.castillo@cit.edu","Yes","CE - CE 311 / 1M1 / Monday 3:00 PM-6:00 PM; CHE - CHEM 201 / 2V2 / Tuesday 10:30 AM-1:30 PM; CHE - CHEM102 / 1V3 / Monday 1:30 PM-4:30 PM"
"Chemical Engineering Laboratory","CHE","CHEM102","Chemical Engineering Calculations Lab","1V3","Monday","1:30 PM","4:30 PM","24-9000-242","Hannah Jimenez","hannah.jimenez@cit.edu","No","CHE - CHEM102 / 1V3 / Monday 1:30 PM-4:30 PM"
"Chemical Engineering Laboratory","CHE","CHEM102","Chemical Engineering Calculations Lab","1V3","Monday","1:30 PM","4:30 PM","24-9000-243","Isaac Jimenez","isaac.jimenez@cit.edu","No","CHE - CHEM102 / 1V3 / Monday 1:30 PM-4:30 PM"
"Chemical Engineering Laboratory","CHE","CHEM102","Chemical Engineering Calculations Lab","1V3","Monday","1:30 PM","4:30 PM","24-4313-011","James Navarro","james.navarro@cit.edu","Yes","CE - CE 311 / 1M1 / Monday 3:00 PM-6:00 PM; CHE - CHEM 201 / 2V2 / Tuesday 10:30 AM-1:30 PM; CHE - CHEM102 / 1V3 / Monday 1:30 PM-4:30 PM"
"Chemical Engineering Laboratory","CHE","CHEM102","Chemical Engineering Calculations Lab","1V3","Monday","1:30 PM","4:30 PM","24-9000-244","Janelle Jimenez","janelle.jimenez@cit.edu","No","CHE - CHEM102 / 1V3 / Monday 1:30 PM-4:30 PM"
"Chemical Engineering Laboratory","CHE","CHEM102","Chemical Engineering Calculations Lab","1V3","Monday","1:30 PM","4:30 PM","24-4313-003","Liam Santos","liam.santos@cit.edu","Yes","CE - CE 311 / 1M1 / Monday 3:00 PM-6:00 PM; CHE - CHEM 201 / 2V2 / Tuesday 10:30 AM-1:30 PM; CHE - CHEM102 / 1V3 / Monday 1:30 PM-4:30 PM"
"Chemical Engineering Laboratory","CHE","CHEM102","Chemical Engineering Calculations Lab","1V3","Monday","1:30 PM","4:30 PM","24-4313-007","Lucas Torres","lucas.torres@cit.edu","Yes","CE - CE 311 / 1M1 / Monday 3:00 PM-6:00 PM; CHE - CHEM 201 / 2V2 / Tuesday 10:30 AM-1:30 PM; CHE - CHEM102 / 1V3 / Monday 1:30 PM-4:30 PM"
"Chemical Engineering Laboratory","CHE","CHEM102","Chemical Engineering Calculations Lab","1V3","Monday","1:30 PM","4:30 PM","24-4313-009","Mason Villanueva","mason.villa@cit.edu","Yes","CE - CE 311 / 1M1 / Monday 3:00 PM-6:00 PM; CHE - CHEM 201 / 2V2 / Tuesday 10:30 AM-1:30 PM; CHE - CHEM102 / 1V3 / Monday 1:30 PM-4:30 PM"
"Chemical Engineering Laboratory","CHE","CHEM102","Chemical Engineering Calculations Lab","1V3","Monday","1:30 PM","4:30 PM","24-4313-006","Mia Flores","mia.flores@cit.edu","Yes","CE - CE 311 / 1M1 / Monday 3:00 PM-6:00 PM; CHE - CHEM 201 / 2V2 / Tuesday 10:30 AM-1:30 PM; CHE - CHEM102 / 1V3 / Monday 1:30 PM-4:30 PM"
"Chemical Engineering Laboratory","CHE","CHEM102","Chemical Engineering Calculations Lab","1V3","Monday","1:30 PM","4:30 PM","24-4313-005","Noah Garcia","noah.garcia@cit.edu","Yes","CE - CE 311 / 1M1 / Monday 3:00 PM-6:00 PM; CHE - CHEM 201 / 2V2 / Tuesday 10:30 AM-1:30 PM; CHE - CHEM102 / 1V3 / Monday 1:30 PM-4:30 PM"
"Chemical Engineering Laboratory","CHE","CHEM102","Chemical Engineering Calculations Lab","1V3","Monday","1:30 PM","4:30 PM","24-4313-014","Scarlett Aquino","scarlett.aquino@cit.edu","Yes","CE - CE 311 / 1M1 / Monday 3:00 PM-6:00 PM; CHE - CHEM 201 / 2V2 / Tuesday 10:30 AM-1:30 PM; CHE - CHEM102 / 1V3 / Monday 1:30 PM-4:30 PM"
"Chemical Engineering Laboratory","CHE","CHEM102","Chemical Engineering Calculations Lab","1V3","Monday","1:30 PM","4:30 PM","24-4313-002","Sophia Cruz","sophia.cruz@cit.edu","Yes","CE - CE 311 / 1M1 / Monday 3:00 PM-6:00 PM; CHE - CHEM 201 / 2V2 / Tuesday 10:30 AM-1:30 PM; CHE - CHEM102 / 1V3 / Monday 1:30 PM-4:30 PM"
"Chemical Engineering Laboratory","CHE","CHEM102","Chemical Engineering Calculations Lab","2V1","Tuesday","7:30 AM","10:30 AM","24-4313-021","Andrew Chua","andrew.chua@cit.edu","Yes","CE - CE 311 / 1M2 / Monday 10:30 AM-1:30 PM; CHE - CHEM 202 / 3V1 / Wednesday 7:30 AM-10:30 AM; CHE - CHEM102 / 2V1 / Tuesday 7:30 AM-10:30 AM"
"Chemical Engineering Laboratory","CHE","CHEM102","Chemical Engineering Calculations Lab","2V1","Tuesday","7:30 AM","10:30 AM","24-4313-026","Angela Sy","angela.sy@cit.edu","Yes","CE - CE 311 / 1M2 / Monday 10:30 AM-1:30 PM; CHE - CHEM 202 / 3V1 / Wednesday 7:30 AM-10:30 AM; CHE - CHEM102 / 2V1 / Tuesday 7:30 AM-10:30 AM"
"Chemical Engineering Laboratory","CHE","CHEM102","Chemical Engineering Calculations Lab","2V1","Tuesday","7:30 AM","10:30 AM","24-4313-017","Daniel Velasco","daniel.velasco@cit.edu","Yes","CE - CE 311 / 1M2 / Monday 10:30 AM-1:30 PM; CHE - CHEM 202 / 3V1 / Wednesday 7:30 AM-10:30 AM; CHE - CHEM102 / 2V1 / Tuesday 7:30 AM-10:30 AM"
"Chemical Engineering Laboratory","CHE","CHEM102","Chemical Engineering Calculations Lab","2V1","Tuesday","7:30 AM","10:30 AM","24-4313-025","Elijah Co","elijah.co@cit.edu","Yes","CE - CE 311 / 1M2 / Monday 10:30 AM-1:30 PM; CHE - CHEM 202 / 3V1 / Wednesday 7:30 AM-10:30 AM; CHE - CHEM102 / 2V1 / Tuesday 7:30 AM-10:30 AM"
"Chemical Engineering Laboratory","CHE","CHEM102","Chemical Engineering Calculations Lab","2V1","Tuesday","7:30 AM","10:30 AM","24-4313-027","Gabriel Uy","gabriel.uy@cit.edu","Yes","CE - CE 311 / 1M2 / Monday 10:30 AM-1:30 PM; CHE - CHEM 202 / 3V1 / Wednesday 7:30 AM-10:30 AM; CHE - CHEM102 / 2V1 / Tuesday 7:30 AM-10:30 AM"
"Chemical Engineering Laboratory","CHE","CHEM102","Chemical Engineering Calculations Lab","2V1","Tuesday","7:30 AM","10:30 AM","24-4313-018","Hannah Perez","hannah.perez@cit.edu","Yes","CE - CE 311 / 1M2 / Monday 10:30 AM-1:30 PM; CHE - CHEM 202 / 3V1 / Wednesday 7:30 AM-10:30 AM; CHE - CHEM102 / 2V1 / Tuesday 7:30 AM-10:30 AM"
"Chemical Engineering Laboratory","CHE","CHEM102","Chemical Engineering Calculations Lab","2V1","Tuesday","7:30 AM","10:30 AM","24-4313-015","Henry Salazar","henry.salazar@cit.edu","Yes","CE - CE 311 / 1M2 / Monday 10:30 AM-1:30 PM; CHE - CHEM 202 / 3V1 / Wednesday 7:30 AM-10:30 AM; CHE - CHEM102 / 2V1 / Tuesday 7:30 AM-10:30 AM"
"Chemical Engineering Laboratory","CHE","CHEM102","Chemical Engineering Calculations Lab","2V1","Tuesday","7:30 AM","10:30 AM","24-4313-028","Jasmine Lee","jasmine.lee@cit.edu","Yes","CE - CE 311 / 1M2 / Monday 10:30 AM-1:30 PM; CHE - CHEM 202 / 3V1 / Wednesday 7:30 AM-10:30 AM; CHE - CHEM102 / 2V1 / Tuesday 7:30 AM-10:30 AM"
"Chemical Engineering Laboratory","CHE","CHEM102","Chemical Engineering Calculations Lab","2V1","Tuesday","7:30 AM","10:30 AM","24-4313-023","Joshua Tan","joshua.tan@cit.edu","Yes","CE - CE 311 / 1M2 / Monday 10:30 AM-1:30 PM; CHE - CHEM 202 / 3V1 / Wednesday 7:30 AM-10:30 AM; CHE - CHEM102 / 2V1 / Tuesday 7:30 AM-10:30 AM"
"Chemical Engineering Laboratory","CHE","CHEM102","Chemical Engineering Calculations Lab","2V1","Tuesday","7:30 AM","10:30 AM","24-9000-246","Larissa Jimenez","larissa.jimenez@cit.edu","No","CHE - CHEM102 / 2V1 / Tuesday 7:30 AM-10:30 AM"
"Chemical Engineering Laboratory","CHE","CHEM102","Chemical Engineering Calculations Lab","2V1","Tuesday","7:30 AM","10:30 AM","24-9000-247","Marco Jimenez","marco.jimenez@cit.edu","No","CHE - CHEM102 / 2V1 / Tuesday 7:30 AM-10:30 AM"
"Chemical Engineering Laboratory","CHE","CHEM102","Chemical Engineering Calculations Lab","2V1","Tuesday","7:30 AM","10:30 AM","24-4313-019","Matthew Dela Cruz","matt.dc@cit.edu","Yes","CE - CE 311 / 1M2 / Monday 10:30 AM-1:30 PM; CHE - CHEM 202 / 3V1 / Wednesday 7:30 AM-10:30 AM; CHE - CHEM102 / 2V1 / Tuesday 7:30 AM-10:30 AM"
"Chemical Engineering Laboratory","CHE","CHEM102","Chemical Engineering Calculations Lab","2V1","Tuesday","7:30 AM","10:30 AM","24-9000-248","Nadine Jimenez","nadine.jimenez@cit.edu","No","CHE - CHEM102 / 2V1 / Tuesday 7:30 AM-10:30 AM"
"Chemical Engineering Laboratory","CHE","CHEM102","Chemical Engineering Calculations Lab","2V1","Tuesday","7:30 AM","10:30 AM","24-4313-020","Natalie Ong","natalie.ong@cit.edu","Yes","CE - CE 311 / 1M2 / Monday 10:30 AM-1:30 PM; CHE - CHEM 202 / 3V1 / Wednesday 7:30 AM-10:30 AM; CHE - CHEM102 / 2V1 / Tuesday 7:30 AM-10:30 AM"
"Chemical Engineering Laboratory","CHE","CHEM102","Chemical Engineering Calculations Lab","2V1","Tuesday","7:30 AM","10:30 AM","24-4313-029","Nathan Chan","nathan.chan@cit.edu","Yes","CE - CE 311 / 1M2 / Monday 10:30 AM-1:30 PM; CHE - CHEM 202 / 3V1 / Wednesday 7:30 AM-10:30 AM; CHE - CHEM102 / 2V1 / Tuesday 7:30 AM-10:30 AM"
"Chemical Engineering Laboratory","CHE","CHEM102","Chemical Engineering Calculations Lab","2V1","Tuesday","7:30 AM","10:30 AM","24-9000-249","Oscar Jimenez","oscar.jimenez@cit.edu","No","CHE - CHEM102 / 2V1 / Tuesday 7:30 AM-10:30 AM"
"Chemical Engineering Laboratory","CHE","CHEM102","Chemical Engineering Calculations Lab","2V1","Tuesday","7:30 AM","10:30 AM","24-4313-024","Patricia Go","patricia.go@cit.edu","Yes","CE - CE 311 / 1M2 / Monday 10:30 AM-1:30 PM; CHE - CHEM 202 / 3V1 / Wednesday 7:30 AM-10:30 AM; CHE - CHEM102 / 2V1 / Tuesday 7:30 AM-10:30 AM"
"Chemical Engineering Laboratory","CHE","CHEM102","Chemical Engineering Calculations Lab","2V1","Tuesday","7:30 AM","10:30 AM","24-9000-250","Patricia Jimenez","patricia.jimenez@cit.edu","No","CHE - CHEM102 / 2V1 / Tuesday 7:30 AM-10:30 AM"
"Chemical Engineering Laboratory","CHE","CHEM102","Chemical Engineering Calculations Lab","2V1","Tuesday","7:30 AM","10:30 AM","24-4313-022","Samantha Yu","samantha.yu@cit.edu","Yes","CE - CE 311 / 1M2 / Monday 10:30 AM-1:30 PM; CHE - CHEM 202 / 3V1 / Wednesday 7:30 AM-10:30 AM; CHE - CHEM102 / 2V1 / Tuesday 7:30 AM-10:30 AM"
"Chemical Engineering Laboratory","CHE","CHEM102","Chemical Engineering Calculations Lab","2V1","Tuesday","7:30 AM","10:30 AM","24-4313-016","Victoria Lim","victoria.lim@cit.edu","Yes","CE - CE 311 / 1M2 / Monday 10:30 AM-1:30 PM; CHE - CHEM 202 / 3V1 / Wednesday 7:30 AM-10:30 AM; CHE - CHEM102 / 2V1 / Tuesday 7:30 AM-10:30 AM"
"Chemical Engineering Laboratory","CHE","CHEN 203","Separation Processes Laboratory","4V1","Thursday","3:00 PM","6:00 PM","24-9000-261","Adrian Katigbak","adrian.katigbak@cit.edu","No","CHE - CHEN 203 / 4V1 / Thursday 3:00 PM-6:00 PM"
"Chemical Engineering Laboratory","CHE","CHEN 203","Separation Processes Laboratory","4V1","Thursday","3:00 PM","6:00 PM","24-9000-262","Bianca Katigbak","bianca.katigbak@cit.edu","No","CHE - CHEN 203 / 4V1 / Thursday 3:00 PM-6:00 PM"
"Chemical Engineering Laboratory","CHE","CHEN 203","Separation Processes Laboratory","4V1","Thursday","3:00 PM","6:00 PM","24-9000-263","Carlo Katigbak","carlo.katigbak@cit.edu","No","CHE - CHEN 203 / 4V1 / Thursday 3:00 PM-6:00 PM"
"Chemical Engineering Laboratory","CHE","CHEN 203","Separation Processes Laboratory","4V1","Thursday","3:00 PM","6:00 PM","24-9000-264","Daphne Katigbak","daphne.katigbak@cit.edu","No","CHE - CHEN 203 / 4V1 / Thursday 3:00 PM-6:00 PM"
"Chemical Engineering Laboratory","CHE","CHEN 203","Separation Processes Laboratory","4V1","Thursday","3:00 PM","6:00 PM","24-9000-265","Enzo Katigbak","enzo.katigbak@cit.edu","No","CHE - CHEN 203 / 4V1 / Thursday 3:00 PM-6:00 PM"
"Chemical Engineering Laboratory","CHE","CHEN 203","Separation Processes Laboratory","4V1","Thursday","3:00 PM","6:00 PM","24-9000-266","Fiona Katigbak","fiona.katigbak@cit.edu","No","CHE - CHEN 203 / 4V1 / Thursday 3:00 PM-6:00 PM"
"Chemical Engineering Laboratory","CHE","CHEN 203","Separation Processes Laboratory","4V1","Thursday","3:00 PM","6:00 PM","24-9000-267","Gabriel Katigbak","gabriel.katigbak@cit.edu","No","CHE - CHEN 203 / 4V1 / Thursday 3:00 PM-6:00 PM"
"Chemical Engineering Laboratory","CHE","CHEN 203","Separation Processes Laboratory","4V1","Thursday","3:00 PM","6:00 PM","24-9000-268","Hannah Katigbak","hannah.katigbak@cit.edu","No","CHE - CHEN 203 / 4V1 / Thursday 3:00 PM-6:00 PM"
"Chemical Engineering Laboratory","CHE","CHEN 203","Separation Processes Laboratory","4V1","Thursday","3:00 PM","6:00 PM","24-9000-269","Isaac Katigbak","isaac.katigbak@cit.edu","No","CHE - CHEN 203 / 4V1 / Thursday 3:00 PM-6:00 PM"
"Chemical Engineering Laboratory","CHE","CHEN 203","Separation Processes Laboratory","4V1","Thursday","3:00 PM","6:00 PM","24-9000-011","Kyle Abella","kyle.abella@cit.edu","Yes","CE - CE 312 / 1M3 / Monday 3:00 PM-6:00 PM; CHE - CHEN 203 / 4V1 / Thursday 3:00 PM-6:00 PM"
"Chemical Engineering Laboratory","CHE","CHEN 203","Separation Processes Laboratory","4V1","Thursday","3:00 PM","6:00 PM","24-9000-251","Quentin Jimenez","quentin.jimenez@cit.edu","No","CHE - CHEN 203 / 4V1 / Thursday 3:00 PM-6:00 PM"
"Chemical Engineering Laboratory","CHE","CHEN 203","Separation Processes Laboratory","4V1","Thursday","3:00 PM","6:00 PM","24-9000-252","Rhea Jimenez","rhea.jimenez@cit.edu","No","CHE - CHEN 203 / 4V1 / Thursday 3:00 PM-6:00 PM"
"Chemical Engineering Laboratory","CHE","CHEN 203","Separation Processes Laboratory","4V1","Thursday","3:00 PM","6:00 PM","24-9000-253","Samuel Jimenez","samuel.jimenez@cit.edu","No","CHE - CHEN 203 / 4V1 / Thursday 3:00 PM-6:00 PM"
"Chemical Engineering Laboratory","CHE","CHEN 203","Separation Processes Laboratory","4V1","Thursday","3:00 PM","6:00 PM","24-9000-254","Trisha Jimenez","trisha.jimenez@cit.edu","No","CHE - CHEN 203 / 4V1 / Thursday 3:00 PM-6:00 PM"
"Chemical Engineering Laboratory","CHE","CHEN 203","Separation Processes Laboratory","4V1","Thursday","3:00 PM","6:00 PM","24-9000-255","Ulysses Jimenez","ulysses.jimenez@cit.edu","No","CHE - CHEN 203 / 4V1 / Thursday 3:00 PM-6:00 PM"
"Chemical Engineering Laboratory","CHE","CHEN 203","Separation Processes Laboratory","4V1","Thursday","3:00 PM","6:00 PM","24-9000-256","Vanessa Jimenez","vanessa.jimenez@cit.edu","No","CHE - CHEN 203 / 4V1 / Thursday 3:00 PM-6:00 PM"
"Chemical Engineering Laboratory","CHE","CHEN 203","Separation Processes Laboratory","4V1","Thursday","3:00 PM","6:00 PM","24-9000-257","Warren Jimenez","warren.jimenez@cit.edu","No","CHE - CHEN 203 / 4V1 / Thursday 3:00 PM-6:00 PM"
"Chemical Engineering Laboratory","CHE","CHEN 203","Separation Processes Laboratory","4V1","Thursday","3:00 PM","6:00 PM","24-9000-258","Xandra Jimenez","xandra.jimenez@cit.edu","No","CHE - CHEN 203 / 4V1 / Thursday 3:00 PM-6:00 PM"
"Chemical Engineering Laboratory","CHE","CHEN 203","Separation Processes Laboratory","4V1","Thursday","3:00 PM","6:00 PM","24-9000-259","Yves Jimenez","yves.jimenez@cit.edu","No","CHE - CHEN 203 / 4V1 / Thursday 3:00 PM-6:00 PM"
"Chemical Engineering Laboratory","CHE","CHEN 203","Separation Processes Laboratory","4V1","Thursday","3:00 PM","6:00 PM","24-9000-260","Zara Jimenez","zara.jimenez@cit.edu","No","CHE - CHEN 203 / 4V1 / Thursday 3:00 PM-6:00 PM"
"Chemical Engineering Laboratory","CHE","CHEN 203","Separation Processes Laboratory","4V2","Thursday","10:30 AM","1:30 PM","24-9000-287","Adrian Lim","adrian.lim@cit.edu","No","CHE - CHEN 203 / 4V2 / Thursday 10:30 AM-1:30 PM"
"Chemical Engineering Laboratory","CHE","CHEN 203","Separation Processes Laboratory","4V2","Thursday","10:30 AM","1:30 PM","24-9000-288","Bianca Lim","bianca.lim@cit.edu","No","CHE - CHEN 203 / 4V2 / Thursday 10:30 AM-1:30 PM"
"Chemical Engineering Laboratory","CHE","CHEN 203","Separation Processes Laboratory","4V2","Thursday","10:30 AM","1:30 PM","24-9000-289","Carlo Lim","carlo.lim@cit.edu","No","CHE - CHEN 203 / 4V2 / Thursday 10:30 AM-1:30 PM"
"Chemical Engineering Laboratory","CHE","CHEN 203","Separation Processes Laboratory","4V2","Thursday","10:30 AM","1:30 PM","24-9000-290","Daphne Lim","daphne.lim@cit.edu","No","CHE - CHEN 203 / 4V2 / Thursday 10:30 AM-1:30 PM"
"Chemical Engineering Laboratory","CHE","CHEN 203","Separation Processes Laboratory","4V2","Thursday","10:30 AM","1:30 PM","24-9000-271","Kyle Katigbak","kyle.katigbak@cit.edu","No","CHE - CHEN 203 / 4V2 / Thursday 10:30 AM-1:30 PM"
"Chemical Engineering Laboratory","CHE","CHEN 203","Separation Processes Laboratory","4V2","Thursday","10:30 AM","1:30 PM","24-9000-272","Larissa Katigbak","larissa.katigbak@cit.edu","No","CHE - CHEN 203 / 4V2 / Thursday 10:30 AM-1:30 PM"
"Chemical Engineering Laboratory","CHE","CHEN 203","Separation Processes Laboratory","4V2","Thursday","10:30 AM","1:30 PM","24-9000-273","Marco Katigbak","marco.katigbak@cit.edu","No","CHE - CHEN 203 / 4V2 / Thursday 10:30 AM-1:30 PM"
"Chemical Engineering Laboratory","CHE","CHEN 203","Separation Processes Laboratory","4V2","Thursday","10:30 AM","1:30 PM","24-9000-274","Nadine Katigbak","nadine.katigbak@cit.edu","No","CHE - CHEN 203 / 4V2 / Thursday 10:30 AM-1:30 PM"
"Chemical Engineering Laboratory","CHE","CHEN 203","Separation Processes Laboratory","4V2","Thursday","10:30 AM","1:30 PM","24-9000-275","Oscar Katigbak","oscar.katigbak@cit.edu","No","CHE - CHEN 203 / 4V2 / Thursday 10:30 AM-1:30 PM"
"Chemical Engineering Laboratory","CHE","CHEN 203","Separation Processes Laboratory","4V2","Thursday","10:30 AM","1:30 PM","24-9000-276","Patricia Katigbak","patricia.katigbak@cit.edu","No","CHE - CHEN 203 / 4V2 / Thursday 10:30 AM-1:30 PM"
"Chemical Engineering Laboratory","CHE","CHEN 203","Separation Processes Laboratory","4V2","Thursday","10:30 AM","1:30 PM","24-9000-277","Quentin Katigbak","quentin.katigbak@cit.edu","No","CHE - CHEN 203 / 4V2 / Thursday 10:30 AM-1:30 PM"
"Chemical Engineering Laboratory","CHE","CHEN 203","Separation Processes Laboratory","4V2","Thursday","10:30 AM","1:30 PM","24-9000-278","Rhea Katigbak","rhea.katigbak@cit.edu","No","CHE - CHEN 203 / 4V2 / Thursday 10:30 AM-1:30 PM"
"Chemical Engineering Laboratory","CHE","CHEN 203","Separation Processes Laboratory","4V2","Thursday","10:30 AM","1:30 PM","24-9000-279","Samuel Katigbak","samuel.katigbak@cit.edu","No","CHE - CHEN 203 / 4V2 / Thursday 10:30 AM-1:30 PM"
"Chemical Engineering Laboratory","CHE","CHEN 203","Separation Processes Laboratory","4V2","Thursday","10:30 AM","1:30 PM","24-9000-280","Trisha Katigbak","trisha.katigbak@cit.edu","No","CHE - CHEN 203 / 4V2 / Thursday 10:30 AM-1:30 PM"
"Chemical Engineering Laboratory","CHE","CHEN 203","Separation Processes Laboratory","4V2","Thursday","10:30 AM","1:30 PM","24-9000-281","Ulysses Katigbak","ulysses.katigbak@cit.edu","No","CHE - CHEN 203 / 4V2 / Thursday 10:30 AM-1:30 PM"
"Chemical Engineering Laboratory","CHE","CHEN 203","Separation Processes Laboratory","4V2","Thursday","10:30 AM","1:30 PM","24-9000-282","Vanessa Katigbak","vanessa.katigbak@cit.edu","No","CHE - CHEN 203 / 4V2 / Thursday 10:30 AM-1:30 PM"
"Chemical Engineering Laboratory","CHE","CHEN 203","Separation Processes Laboratory","4V2","Thursday","10:30 AM","1:30 PM","24-9000-283","Warren Katigbak","warren.katigbak@cit.edu","No","CHE - CHEN 203 / 4V2 / Thursday 10:30 AM-1:30 PM"
"Chemical Engineering Laboratory","CHE","CHEN 203","Separation Processes Laboratory","4V2","Thursday","10:30 AM","1:30 PM","24-9000-284","Xandra Katigbak","xandra.katigbak@cit.edu","No","CHE - CHEN 203 / 4V2 / Thursday 10:30 AM-1:30 PM"
"Chemical Engineering Laboratory","CHE","CHEN 203","Separation Processes Laboratory","4V2","Thursday","10:30 AM","1:30 PM","24-9000-285","Yves Katigbak","yves.katigbak@cit.edu","No","CHE - CHEN 203 / 4V2 / Thursday 10:30 AM-1:30 PM"
"Chemical Engineering Laboratory","CHE","CHEN 203","Separation Processes Laboratory","4V2","Thursday","10:30 AM","1:30 PM","24-9000-286","Zara Katigbak","zara.katigbak@cit.edu","No","CHE - CHEN 203 / 4V2 / Thursday 10:30 AM-1:30 PM"
"Mechanical Engineering Laboratory","ME","ME 317","Thermodynamics Laboratory","1P1","Monday","7:30 AM","10:30 AM","24-4313-030"," Bianca Kho","bianca.kho@cit.edu","Yes","CE - CE 321 / 2M2 / Tuesday 3:00 PM-6:00 PM; ME - ME 317 / 1P1 / Monday 7:30 AM-10:30 AM; ME - ME 411 / 2P1 / Tuesday 10:30 AM-1:30 PM"
"Mechanical Engineering Laboratory","ME","ME 317","Thermodynamics Laboratory","1P1","Monday","7:30 AM","10:30 AM","24-4313-041"," Vincent Robles","vincent.robles@cit.edu","Yes","CE - CE 321 / 2M2 / Tuesday 3:00 PM-6:00 PM; ME - ME 317 / 1P1 / Monday 7:30 AM-10:30 AM; ME - ME 411 / 2P1 / Tuesday 10:30 AM-1:30 PM"
"Mechanical Engineering Laboratory","ME","ME 317","Thermodynamics Laboratory","1P1","Monday","7:30 AM","10:30 AM","24-4313-033","Aaron Te","aaron.te@cit.edu","Yes","CE - CE 321 / 2M2 / Tuesday 3:00 PM-6:00 PM; ME - ME 317 / 1P1 / Monday 7:30 AM-10:30 AM; ME - ME 411 / 2P1 / Tuesday 10:30 AM-1:30 PM"
"Mechanical Engineering Laboratory","ME","ME 317","Thermodynamics Laboratory","1P1","Monday","7:30 AM","10:30 AM","24-4313-043","Adrian Dominguez","adrian.dominguez@cit.edu","Yes","CE - CE 321 / 2M2 / Tuesday 3:00 PM-6:00 PM; ME - ME 317 / 1P1 / Monday 7:30 AM-10:30 AM; ME - ME 411 / 2P1 / Tuesday 10:30 AM-1:30 PM"
"Mechanical Engineering Laboratory","ME","ME 317","Thermodynamics Laboratory","1P1","Monday","7:30 AM","10:30 AM","24-9000-002","Bianca Abella","bianca.abella@cit.edu","Yes","CE - CE 311 / 1M1 / Monday 3:00 PM-6:00 PM; ME - ME 317 / 1P1 / Monday 7:30 AM-10:30 AM"
"Mechanical Engineering Laboratory","ME","ME 317","Thermodynamics Laboratory","1P1","Monday","7:30 AM","10:30 AM","24-4313-031","Caleb Wong","caleb.wong@cit.edu","Yes","CE - CE 321 / 2M2 / Tuesday 3:00 PM-6:00 PM; ME - ME 317 / 1P1 / Monday 7:30 AM-10:30 AM; ME - ME 411 / 2P1 / Tuesday 10:30 AM-1:30 PM"
"Mechanical Engineering Laboratory","ME","ME 317","Thermodynamics Laboratory","1P1","Monday","7:30 AM","10:30 AM","24-4313-042","Camille Javier","camille.javier@cit.edu","Yes","CE - CE 321 / 2M2 / Tuesday 3:00 PM-6:00 PM; ME - ME 317 / 1P1 / Monday 7:30 AM-10:30 AM; ME - ME 411 / 2P1 / Tuesday 10:30 AM-1:30 PM"
"Mechanical Engineering Laboratory","ME","ME 317","Thermodynamics Laboratory","1P1","Monday","7:30 AM","10:30 AM","24-4313-034","Carla Dy","carla.dy@cit.edu","Yes","CE - CE 321 / 2M2 / Tuesday 3:00 PM-6:00 PM; ME - ME 317 / 1P1 / Monday 7:30 AM-10:30 AM; ME - ME 411 / 2P1 / Tuesday 10:30 AM-1:30 PM"
"Mechanical Engineering Laboratory","ME","ME 317","Thermodynamics Laboratory","1P1","Monday","7:30 AM","10:30 AM","24-4313-039","Christian Alonzo","christian.alon@cit.edu","Yes","CE - CE 321 / 2M2 / Tuesday 3:00 PM-6:00 PM; ME - ME 317 / 1P1 / Monday 7:30 AM-10:30 AM; ME - ME 411 / 2P1 / Tuesday 10:30 AM-1:30 PM"
"Mechanical Engineering Laboratory","ME","ME 317","Thermodynamics Laboratory","1P1","Monday","7:30 AM","10:30 AM","24-4313-037","David Gatchalian","david.gatchalian@cit.edu","Yes","CE - CE 321 / 2M2 / Tuesday 3:00 PM-6:00 PM; ME - ME 317 / 1P1 / Monday 7:30 AM-10:30 AM; ME - ME 411 / 2P1 / Tuesday 10:30 AM-1:30 PM"
"Mechanical Engineering Laboratory","ME","ME 317","Thermodynamics Laboratory","1P1","Monday","7:30 AM","10:30 AM","24-4313-032","Denise Yap","denise.yap@cit.edu","Yes","CE - CE 321 / 2M2 / Tuesday 3:00 PM-6:00 PM; ME - ME 317 / 1P1 / Monday 7:30 AM-10:30 AM; ME - ME 411 / 2P1 / Tuesday 10:30 AM-1:30 PM"
"Mechanical Engineering Laboratory","ME","ME 317","Thermodynamics Laboratory","1P1","Monday","7:30 AM","10:30 AM","24-9000-291","Enzo Lim","enzo.lim@cit.edu","No","ME - ME 317 / 1P1 / Monday 7:30 AM-10:30 AM"
"Mechanical Engineering Laboratory","ME","ME 317","Thermodynamics Laboratory","1P1","Monday","7:30 AM","10:30 AM","24-9000-292","Fiona Lim","fiona.lim@cit.edu","No","ME - ME 317 / 1P1 / Monday 7:30 AM-10:30 AM"
"Mechanical Engineering Laboratory","ME","ME 317","Thermodynamics Laboratory","1P1","Monday","7:30 AM","10:30 AM","24-9000-293","Gabriel Lim","gabriel.lim@cit.edu","No","ME - ME 317 / 1P1 / Monday 7:30 AM-10:30 AM"
"Mechanical Engineering Laboratory","ME","ME 317","Thermodynamics Laboratory","1P1","Monday","7:30 AM","10:30 AM","24-9000-294","Hannah Lim","hannah.lim@cit.edu","No","ME - ME 317 / 1P1 / Monday 7:30 AM-10:30 AM"
"Mechanical Engineering Laboratory","ME","ME 317","Thermodynamics Laboratory","1P1","Monday","7:30 AM","10:30 AM","24-4313-036","Isabelle Ching","isabelle.ching@cit.edu","Yes","CE - CE 321 / 2M2 / Tuesday 3:00 PM-6:00 PM; ME - ME 317 / 1P1 / Monday 7:30 AM-10:30 AM; ME - ME 411 / 2P1 / Tuesday 10:30 AM-1:30 PM"
"Mechanical Engineering Laboratory","ME","ME 317","Thermodynamics Laboratory","1P1","Monday","7:30 AM","10:30 AM","24-4313-044","Katrina Molina","katrina.molina@cit.edu","Yes","CE - CE 321 / 2M2 / Tuesday 3:00 PM-6:00 PM; ME - ME 317 / 1P1 / Monday 7:30 AM-10:30 AM; ME - ME 411 / 2P1 / Tuesday 10:30 AM-1:30 PM"
"Mechanical Engineering Laboratory","ME","ME 317","Thermodynamics Laboratory","1P1","Monday","7:30 AM","10:30 AM","24-4313-040","Nicole Serrano","nicole.serrano@cit.edu","Yes","CE - CE 321 / 2M2 / Tuesday 3:00 PM-6:00 PM; ME - ME 317 / 1P1 / Monday 7:30 AM-10:30 AM; ME - ME 411 / 2P1 / Tuesday 10:30 AM-1:30 PM"
"Mechanical Engineering Laboratory","ME","ME 317","Thermodynamics Laboratory","1P1","Monday","7:30 AM","10:30 AM","24-4313-035","Sebastian Lim","seb.lim@cit.edu","Yes","CE - CE 321 / 2M2 / Tuesday 3:00 PM-6:00 PM; ME - ME 317 / 1P1 / Monday 7:30 AM-10:30 AM; ME - ME 411 / 2P1 / Tuesday 10:30 AM-1:30 PM"
"Mechanical Engineering Laboratory","ME","ME 317","Thermodynamics Laboratory","1P1","Monday","7:30 AM","10:30 AM","24-4313-038","Trisha Mercado","trisha.mercado@cit.edu","Yes","CE - CE 321 / 2M2 / Tuesday 3:00 PM-6:00 PM; ME - ME 317 / 1P1 / Monday 7:30 AM-10:30 AM; ME - ME 411 / 2P1 / Tuesday 10:30 AM-1:30 PM"
"Mechanical Engineering Laboratory","ME","ME 317","Thermodynamics Laboratory","1P2","Monday","10:30 AM","1:30 PM","24-4313-048","Beatrice Valencia","beatrice.valencia@cit.edu","Yes","CE - CE 421 / 3M1 / Wednesday 7:30 AM-10:30 AM; ME - ME 317 / 1P2 / Monday 10:30 AM-1:30 PM; ME - ME 421 / 3P1 / Wednesday 3:00 PM-6:00 PM"
"Mechanical Engineering Laboratory","ME","ME 317","Thermodynamics Laboratory","1P2","Monday","10:30 AM","1:30 PM","24-4313-050","Francesca Gomez","francesca.gomez@cit.edu","Yes","CE - CE 421 / 3M1 / Wednesday 7:30 AM-10:30 AM; ME - ME 317 / 1P2 / Monday 10:30 AM-1:30 PM; ME - ME 421 / 3P1 / Wednesday 3:00 PM-6:00 PM"
"Mechanical Engineering Laboratory","ME","ME 317","Thermodynamics Laboratory","1P2","Monday","10:30 AM","1:30 PM","24-9000-296","Janelle Lim","janelle.lim@cit.edu","No","ME - ME 317 / 1P2 / Monday 10:30 AM-1:30 PM"
"Mechanical Engineering Laboratory","ME","ME 317","Thermodynamics Laboratory","1P2","Monday","10:30 AM","1:30 PM","24-4313-047","John Cedrick Lao","johncedrick.lao@cit.edu","Yes","CE - CE 421 / 3M1 / Wednesday 7:30 AM-10:30 AM; ME - ME 317 / 1P2 / Monday 10:30 AM-1:30 PM; ME - ME 421 / 3P1 / Wednesday 3:00 PM-6:00 PM"
"Mechanical Engineering Laboratory","ME","ME 317","Thermodynamics Laboratory","1P2","Monday","10:30 AM","1:30 PM","24-4313-049","Kyle Fernandez ","kyle.fernandez@cit.edu","Yes","CE - CE 421 / 3M1 / Wednesday 7:30 AM-10:30 AM; ME - ME 317 / 1P2 / Monday 10:30 AM-1:30 PM; ME - ME 421 / 3P1 / Wednesday 3:00 PM-6:00 PM"
"Mechanical Engineering Laboratory","ME","ME 317","Thermodynamics Laboratory","1P2","Monday","10:30 AM","1:30 PM","24-9000-297","Kyle Lim","kyle.lim@cit.edu","No","ME - ME 317 / 1P2 / Monday 10:30 AM-1:30 PM"
"Mechanical Engineering Laboratory","ME","ME 317","Thermodynamics Laboratory","1P2","Monday","10:30 AM","1:30 PM","24-9000-298","Larissa Lim","larissa.lim@cit.edu","No","ME - ME 317 / 1P2 / Monday 10:30 AM-1:30 PM"
"Mechanical Engineering Laboratory","ME","ME 317","Thermodynamics Laboratory","1P2","Monday","10:30 AM","1:30 PM","24-9000-299","Marco Lim","marco.lim@cit.edu","No","ME - ME 317 / 1P2 / Monday 10:30 AM-1:30 PM"
"Mechanical Engineering Laboratory","ME","ME 317","Thermodynamics Laboratory","1P2","Monday","10:30 AM","1:30 PM","24-4313-045","Mark Evangelista","mark.evangelista@cit.edu","Yes","CE - CE 421 / 3M1 / Wednesday 7:30 AM-10:30 AM; ME - ME 317 / 1P2 / Monday 10:30 AM-1:30 PM; ME - ME 421 / 3P1 / Wednesday 3:00 PM-6:00 PM"
"Mechanical Engineering Laboratory","ME","ME 317","Thermodynamics Laboratory","1P2","Monday","10:30 AM","1:30 PM","24-9000-300","Nadine Lim","nadine.lim@cit.edu","No","ME - ME 317 / 1P2 / Monday 10:30 AM-1:30 PM"
"Mechanical Engineering Laboratory","ME","ME 317","Thermodynamics Laboratory","1P2","Monday","10:30 AM","1:30 PM","24-9000-301","Oscar Lim","oscar.lim@cit.edu","No","ME - ME 317 / 1P2 / Monday 10:30 AM-1:30 PM"
"Mechanical Engineering Laboratory","ME","ME 317","Thermodynamics Laboratory","1P2","Monday","10:30 AM","1:30 PM","24-9000-302","Patricia Lim","patricia.lim@cit.edu","No","ME - ME 317 / 1P2 / Monday 10:30 AM-1:30 PM"
"Mechanical Engineering Laboratory","ME","ME 317","Thermodynamics Laboratory","1P2","Monday","10:30 AM","1:30 PM","24-4313-046","Pauline Rivera","pauline.rivera@cit.edu","Yes","CE - CE 421 / 3M1 / Wednesday 7:30 AM-10:30 AM; ME - ME 317 / 1P2 / Monday 10:30 AM-1:30 PM; ME - ME 421 / 3P1 / Wednesday 3:00 PM-6:00 PM"
"Mechanical Engineering Laboratory","ME","ME 317","Thermodynamics Laboratory","1P2","Monday","10:30 AM","1:30 PM","24-9000-303","Quentin Lim","quentin.lim@cit.edu","No","ME - ME 317 / 1P2 / Monday 10:30 AM-1:30 PM"
"Mechanical Engineering Laboratory","ME","ME 317","Thermodynamics Laboratory","1P2","Monday","10:30 AM","1:30 PM","24-9000-304","Rhea Lim","rhea.lim@cit.edu","No","ME - ME 317 / 1P2 / Monday 10:30 AM-1:30 PM"
"Mechanical Engineering Laboratory","ME","ME 317","Thermodynamics Laboratory","1P2","Monday","10:30 AM","1:30 PM","24-9000-305","Samuel Lim","samuel.lim@cit.edu","No","ME - ME 317 / 1P2 / Monday 10:30 AM-1:30 PM"
"Mechanical Engineering Laboratory","ME","ME 317","Thermodynamics Laboratory","1P2","Monday","10:30 AM","1:30 PM","24-9000-306","Trisha Lim","trisha.lim@cit.edu","No","ME - ME 317 / 1P2 / Monday 10:30 AM-1:30 PM"
"Mechanical Engineering Laboratory","ME","ME 317","Thermodynamics Laboratory","1P2","Monday","10:30 AM","1:30 PM","24-9000-307","Ulysses Lim","ulysses.lim@cit.edu","No","ME - ME 317 / 1P2 / Monday 10:30 AM-1:30 PM"
"Mechanical Engineering Laboratory","ME","ME 317","Thermodynamics Laboratory","1P2","Monday","10:30 AM","1:30 PM","24-9000-308","Vanessa Lim","vanessa.lim@cit.edu","No","ME - ME 317 / 1P2 / Monday 10:30 AM-1:30 PM"
"Mechanical Engineering Laboratory","ME","ME 317","Thermodynamics Laboratory","1P2","Monday","10:30 AM","1:30 PM","24-9000-309","Warren Lim","warren.lim@cit.edu","No","ME - ME 317 / 1P2 / Monday 10:30 AM-1:30 PM"
"Mechanical Engineering Laboratory","ME","ME 318","Fluid Mechanics Laboratory","1P3","Monday","1:30 PM","4:30 PM","24-9000-313","Adrian Mendoza","adrian.mendoza@cit.edu","No","ME - ME 318 / 1P3 / Monday 1:30 PM-4:30 PM"
"Mechanical Engineering Laboratory","ME","ME 318","Fluid Mechanics Laboratory","1P3","Monday","1:30 PM","4:30 PM","24-9000-314","Bianca Mendoza","bianca.mendoza@cit.edu","No","ME - ME 318 / 1P3 / Monday 1:30 PM-4:30 PM"
"Mechanical Engineering Laboratory","ME","ME 318","Fluid Mechanics Laboratory","1P3","Monday","1:30 PM","4:30 PM","24-9000-315","Carlo Mendoza","carlo.mendoza@cit.edu","No","ME - ME 318 / 1P3 / Monday 1:30 PM-4:30 PM"
"Mechanical Engineering Laboratory","ME","ME 318","Fluid Mechanics Laboratory","1P3","Monday","1:30 PM","4:30 PM","24-9000-316","Daphne Mendoza","daphne.mendoza@cit.edu","No","ME - ME 318 / 1P3 / Monday 1:30 PM-4:30 PM"
"Mechanical Engineering Laboratory","ME","ME 318","Fluid Mechanics Laboratory","1P3","Monday","1:30 PM","4:30 PM","24-9000-317","Enzo Mendoza","enzo.mendoza@cit.edu","No","ME - ME 318 / 1P3 / Monday 1:30 PM-4:30 PM"
"Mechanical Engineering Laboratory","ME","ME 318","Fluid Mechanics Laboratory","1P3","Monday","1:30 PM","4:30 PM","24-9000-318","Fiona Mendoza","fiona.mendoza@cit.edu","No","ME - ME 318 / 1P3 / Monday 1:30 PM-4:30 PM"
"Mechanical Engineering Laboratory","ME","ME 318","Fluid Mechanics Laboratory","1P3","Monday","1:30 PM","4:30 PM","24-9000-319","Gabriel Mendoza","gabriel.mendoza@cit.edu","No","ME - ME 318 / 1P3 / Monday 1:30 PM-4:30 PM"
"Mechanical Engineering Laboratory","ME","ME 318","Fluid Mechanics Laboratory","1P3","Monday","1:30 PM","4:30 PM","24-9000-320","Hannah Mendoza","hannah.mendoza@cit.edu","No","ME - ME 318 / 1P3 / Monday 1:30 PM-4:30 PM"
"Mechanical Engineering Laboratory","ME","ME 318","Fluid Mechanics Laboratory","1P3","Monday","1:30 PM","4:30 PM","24-9000-321","Isaac Mendoza","isaac.mendoza@cit.edu","No","ME - ME 318 / 1P3 / Monday 1:30 PM-4:30 PM"
"Mechanical Engineering Laboratory","ME","ME 318","Fluid Mechanics Laboratory","1P3","Monday","1:30 PM","4:30 PM","24-9000-322","Janelle Mendoza","janelle.mendoza@cit.edu","No","ME - ME 318 / 1P3 / Monday 1:30 PM-4:30 PM"
"Mechanical Engineering Laboratory","ME","ME 318","Fluid Mechanics Laboratory","1P3","Monday","1:30 PM","4:30 PM","24-9000-323","Kyle Mendoza","kyle.mendoza@cit.edu","No","ME - ME 318 / 1P3 / Monday 1:30 PM-4:30 PM"
"Mechanical Engineering Laboratory","ME","ME 318","Fluid Mechanics Laboratory","1P3","Monday","1:30 PM","4:30 PM","24-9000-324","Larissa Mendoza","larissa.mendoza@cit.edu","No","ME - ME 318 / 1P3 / Monday 1:30 PM-4:30 PM"
"Mechanical Engineering Laboratory","ME","ME 318","Fluid Mechanics Laboratory","1P3","Monday","1:30 PM","4:30 PM","24-9000-325","Marco Mendoza","marco.mendoza@cit.edu","No","ME - ME 318 / 1P3 / Monday 1:30 PM-4:30 PM"
"Mechanical Engineering Laboratory","ME","ME 318","Fluid Mechanics Laboratory","1P3","Monday","1:30 PM","4:30 PM","24-9000-326","Nadine Mendoza","nadine.mendoza@cit.edu","No","ME - ME 318 / 1P3 / Monday 1:30 PM-4:30 PM"
"Mechanical Engineering Laboratory","ME","ME 318","Fluid Mechanics Laboratory","1P3","Monday","1:30 PM","4:30 PM","24-9000-327","Oscar Mendoza","oscar.mendoza@cit.edu","No","ME - ME 318 / 1P3 / Monday 1:30 PM-4:30 PM"
"Mechanical Engineering Laboratory","ME","ME 318","Fluid Mechanics Laboratory","1P3","Monday","1:30 PM","4:30 PM","24-9000-328","Patricia Mendoza","patricia.mendoza@cit.edu","No","ME - ME 318 / 1P3 / Monday 1:30 PM-4:30 PM"
"Mechanical Engineering Laboratory","ME","ME 318","Fluid Mechanics Laboratory","1P3","Monday","1:30 PM","4:30 PM","24-9000-329","Quentin Mendoza","quentin.mendoza@cit.edu","No","ME - ME 318 / 1P3 / Monday 1:30 PM-4:30 PM"
"Mechanical Engineering Laboratory","ME","ME 318","Fluid Mechanics Laboratory","1P3","Monday","1:30 PM","4:30 PM","24-9000-310","Xandra Lim","xandra.lim@cit.edu","No","ME - ME 318 / 1P3 / Monday 1:30 PM-4:30 PM"
"Mechanical Engineering Laboratory","ME","ME 318","Fluid Mechanics Laboratory","1P3","Monday","1:30 PM","4:30 PM","24-9000-311","Yves Lim","yves.lim@cit.edu","No","ME - ME 318 / 1P3 / Monday 1:30 PM-4:30 PM"
"Mechanical Engineering Laboratory","ME","ME 318","Fluid Mechanics Laboratory","1P3","Monday","1:30 PM","4:30 PM","24-9000-312","Zara Lim","zara.lim@cit.edu","No","ME - ME 318 / 1P3 / Monday 1:30 PM-4:30 PM"
"Mechanical Engineering Laboratory","ME","ME 318","Fluid Mechanics Laboratory","1P4","Tuesday","3:00 PM","6:00 PM","24-9000-339","Adrian Navarro","adrian.navarro@cit.edu","No","ME - ME 318 / 1P4 / Tuesday 3:00 PM-6:00 PM"
"Mechanical Engineering Laboratory","ME","ME 318","Fluid Mechanics Laboratory","1P4","Tuesday","3:00 PM","6:00 PM","24-9000-340","Bianca Navarro","bianca.navarro@cit.edu","No","ME - ME 318 / 1P4 / Tuesday 3:00 PM-6:00 PM"
"Mechanical Engineering Laboratory","ME","ME 318","Fluid Mechanics Laboratory","1P4","Tuesday","3:00 PM","6:00 PM","24-9000-341","Carlo Navarro","carlo.navarro@cit.edu","No","ME - ME 318 / 1P4 / Tuesday 3:00 PM-6:00 PM"
"Mechanical Engineering Laboratory","ME","ME 318","Fluid Mechanics Laboratory","1P4","Tuesday","3:00 PM","6:00 PM","24-9000-342","Daphne Navarro","daphne.navarro@cit.edu","No","ME - ME 318 / 1P4 / Tuesday 3:00 PM-6:00 PM"
"Mechanical Engineering Laboratory","ME","ME 318","Fluid Mechanics Laboratory","1P4","Tuesday","3:00 PM","6:00 PM","24-9000-343","Enzo Navarro","enzo.navarro@cit.edu","No","ME - ME 318 / 1P4 / Tuesday 3:00 PM-6:00 PM"
"Mechanical Engineering Laboratory","ME","ME 318","Fluid Mechanics Laboratory","1P4","Tuesday","3:00 PM","6:00 PM","24-9000-344","Fiona Navarro","fiona.navarro@cit.edu","No","ME - ME 318 / 1P4 / Tuesday 3:00 PM-6:00 PM"
"Mechanical Engineering Laboratory","ME","ME 318","Fluid Mechanics Laboratory","1P4","Tuesday","3:00 PM","6:00 PM","24-9000-345","Gabriel Navarro","gabriel.navarro@cit.edu","No","ME - ME 318 / 1P4 / Tuesday 3:00 PM-6:00 PM"
"Mechanical Engineering Laboratory","ME","ME 318","Fluid Mechanics Laboratory","1P4","Tuesday","3:00 PM","6:00 PM","24-9000-346","Hannah Navarro","hannah.navarro@cit.edu","No","ME - ME 318 / 1P4 / Tuesday 3:00 PM-6:00 PM"
"Mechanical Engineering Laboratory","ME","ME 318","Fluid Mechanics Laboratory","1P4","Tuesday","3:00 PM","6:00 PM","24-9000-347","Isaac Navarro","isaac.navarro@cit.edu","No","ME - ME 318 / 1P4 / Tuesday 3:00 PM-6:00 PM"
"Mechanical Engineering Laboratory","ME","ME 318","Fluid Mechanics Laboratory","1P4","Tuesday","3:00 PM","6:00 PM","24-9000-348","Janelle Navarro","janelle.navarro@cit.edu","No","ME - ME 318 / 1P4 / Tuesday 3:00 PM-6:00 PM"
"Mechanical Engineering Laboratory","ME","ME 318","Fluid Mechanics Laboratory","1P4","Tuesday","3:00 PM","6:00 PM","24-9000-349","Kyle Navarro","kyle.navarro@cit.edu","No","ME - ME 318 / 1P4 / Tuesday 3:00 PM-6:00 PM"
"Mechanical Engineering Laboratory","ME","ME 318","Fluid Mechanics Laboratory","1P4","Tuesday","3:00 PM","6:00 PM","24-9000-330","Rhea Mendoza","rhea.mendoza@cit.edu","No","ME - ME 318 / 1P4 / Tuesday 3:00 PM-6:00 PM"
"Mechanical Engineering Laboratory","ME","ME 318","Fluid Mechanics Laboratory","1P4","Tuesday","3:00 PM","6:00 PM","24-9000-331","Samuel Mendoza","samuel.mendoza@cit.edu","No","ME - ME 318 / 1P4 / Tuesday 3:00 PM-6:00 PM"
"Mechanical Engineering Laboratory","ME","ME 318","Fluid Mechanics Laboratory","1P4","Tuesday","3:00 PM","6:00 PM","24-9000-332","Trisha Mendoza","trisha.mendoza@cit.edu","No","ME - ME 318 / 1P4 / Tuesday 3:00 PM-6:00 PM"
"Mechanical Engineering Laboratory","ME","ME 318","Fluid Mechanics Laboratory","1P4","Tuesday","3:00 PM","6:00 PM","24-9000-333","Ulysses Mendoza","ulysses.mendoza@cit.edu","No","ME - ME 318 / 1P4 / Tuesday 3:00 PM-6:00 PM"
"Mechanical Engineering Laboratory","ME","ME 318","Fluid Mechanics Laboratory","1P4","Tuesday","3:00 PM","6:00 PM","24-9000-334","Vanessa Mendoza","vanessa.mendoza@cit.edu","No","ME - ME 318 / 1P4 / Tuesday 3:00 PM-6:00 PM"
"Mechanical Engineering Laboratory","ME","ME 318","Fluid Mechanics Laboratory","1P4","Tuesday","3:00 PM","6:00 PM","24-9000-335","Warren Mendoza","warren.mendoza@cit.edu","No","ME - ME 318 / 1P4 / Tuesday 3:00 PM-6:00 PM"
"Mechanical Engineering Laboratory","ME","ME 318","Fluid Mechanics Laboratory","1P4","Tuesday","3:00 PM","6:00 PM","24-9000-336","Xandra Mendoza","xandra.mendoza@cit.edu","No","ME - ME 318 / 1P4 / Tuesday 3:00 PM-6:00 PM"
"Mechanical Engineering Laboratory","ME","ME 318","Fluid Mechanics Laboratory","1P4","Tuesday","3:00 PM","6:00 PM","24-9000-337","Yves Mendoza","yves.mendoza@cit.edu","No","ME - ME 318 / 1P4 / Tuesday 3:00 PM-6:00 PM"
"Mechanical Engineering Laboratory","ME","ME 318","Fluid Mechanics Laboratory","1P4","Tuesday","3:00 PM","6:00 PM","24-9000-338","Zara Mendoza","zara.mendoza@cit.edu","No","ME - ME 318 / 1P4 / Tuesday 3:00 PM-6:00 PM"
"Mechanical Engineering Laboratory","ME","ME 411","Machine Design Laboratory","2P1","Tuesday","10:30 AM","1:30 PM","24-4313-030"," Bianca Kho","bianca.kho@cit.edu","Yes","CE - CE 321 / 2M2 / Tuesday 3:00 PM-6:00 PM; ME - ME 317 / 1P1 / Monday 7:30 AM-10:30 AM; ME - ME 411 / 2P1 / Tuesday 10:30 AM-1:30 PM"
"Mechanical Engineering Laboratory","ME","ME 411","Machine Design Laboratory","2P1","Tuesday","10:30 AM","1:30 PM","24-4313-041"," Vincent Robles","vincent.robles@cit.edu","Yes","CE - CE 321 / 2M2 / Tuesday 3:00 PM-6:00 PM; ME - ME 317 / 1P1 / Monday 7:30 AM-10:30 AM; ME - ME 411 / 2P1 / Tuesday 10:30 AM-1:30 PM"
"Mechanical Engineering Laboratory","ME","ME 411","Machine Design Laboratory","2P1","Tuesday","10:30 AM","1:30 PM","24-4313-033","Aaron Te","aaron.te@cit.edu","Yes","CE - CE 321 / 2M2 / Tuesday 3:00 PM-6:00 PM; ME - ME 317 / 1P1 / Monday 7:30 AM-10:30 AM; ME - ME 411 / 2P1 / Tuesday 10:30 AM-1:30 PM"
"Mechanical Engineering Laboratory","ME","ME 411","Machine Design Laboratory","2P1","Tuesday","10:30 AM","1:30 PM","24-4313-043","Adrian Dominguez","adrian.dominguez@cit.edu","Yes","CE - CE 321 / 2M2 / Tuesday 3:00 PM-6:00 PM; ME - ME 317 / 1P1 / Monday 7:30 AM-10:30 AM; ME - ME 411 / 2P1 / Tuesday 10:30 AM-1:30 PM"
"Mechanical Engineering Laboratory","ME","ME 411","Machine Design Laboratory","2P1","Tuesday","10:30 AM","1:30 PM","24-4313-031","Caleb Wong","caleb.wong@cit.edu","Yes","CE - CE 321 / 2M2 / Tuesday 3:00 PM-6:00 PM; ME - ME 317 / 1P1 / Monday 7:30 AM-10:30 AM; ME - ME 411 / 2P1 / Tuesday 10:30 AM-1:30 PM"
"Mechanical Engineering Laboratory","ME","ME 411","Machine Design Laboratory","2P1","Tuesday","10:30 AM","1:30 PM","24-4313-042","Camille Javier","camille.javier@cit.edu","Yes","CE - CE 321 / 2M2 / Tuesday 3:00 PM-6:00 PM; ME - ME 317 / 1P1 / Monday 7:30 AM-10:30 AM; ME - ME 411 / 2P1 / Tuesday 10:30 AM-1:30 PM"
"Mechanical Engineering Laboratory","ME","ME 411","Machine Design Laboratory","2P1","Tuesday","10:30 AM","1:30 PM","24-4313-034","Carla Dy","carla.dy@cit.edu","Yes","CE - CE 321 / 2M2 / Tuesday 3:00 PM-6:00 PM; ME - ME 317 / 1P1 / Monday 7:30 AM-10:30 AM; ME - ME 411 / 2P1 / Tuesday 10:30 AM-1:30 PM"
"Mechanical Engineering Laboratory","ME","ME 411","Machine Design Laboratory","2P1","Tuesday","10:30 AM","1:30 PM","24-4313-039","Christian Alonzo","christian.alon@cit.edu","Yes","CE - CE 321 / 2M2 / Tuesday 3:00 PM-6:00 PM; ME - ME 317 / 1P1 / Monday 7:30 AM-10:30 AM; ME - ME 411 / 2P1 / Tuesday 10:30 AM-1:30 PM"
"Mechanical Engineering Laboratory","ME","ME 411","Machine Design Laboratory","2P1","Tuesday","10:30 AM","1:30 PM","24-9000-004","Daphne Abella","daphne.abella@cit.edu","Yes","CE - CE 311 / 1M1 / Monday 3:00 PM-6:00 PM; ME - ME 411 / 2P1 / Tuesday 10:30 AM-1:30 PM"
"Mechanical Engineering Laboratory","ME","ME 411","Machine Design Laboratory","2P1","Tuesday","10:30 AM","1:30 PM","24-4313-037","David Gatchalian","david.gatchalian@cit.edu","Yes","CE - CE 321 / 2M2 / Tuesday 3:00 PM-6:00 PM; ME - ME 317 / 1P1 / Monday 7:30 AM-10:30 AM; ME - ME 411 / 2P1 / Tuesday 10:30 AM-1:30 PM"
"Mechanical Engineering Laboratory","ME","ME 411","Machine Design Laboratory","2P1","Tuesday","10:30 AM","1:30 PM","24-4313-032","Denise Yap","denise.yap@cit.edu","Yes","CE - CE 321 / 2M2 / Tuesday 3:00 PM-6:00 PM; ME - ME 317 / 1P1 / Monday 7:30 AM-10:30 AM; ME - ME 411 / 2P1 / Tuesday 10:30 AM-1:30 PM"
"Mechanical Engineering Laboratory","ME","ME 411","Machine Design Laboratory","2P1","Tuesday","10:30 AM","1:30 PM","24-4313-036","Isabelle Ching","isabelle.ching@cit.edu","Yes","CE - CE 321 / 2M2 / Tuesday 3:00 PM-6:00 PM; ME - ME 317 / 1P1 / Monday 7:30 AM-10:30 AM; ME - ME 411 / 2P1 / Tuesday 10:30 AM-1:30 PM"
"Mechanical Engineering Laboratory","ME","ME 411","Machine Design Laboratory","2P1","Tuesday","10:30 AM","1:30 PM","24-4313-044","Katrina Molina","katrina.molina@cit.edu","Yes","CE - CE 321 / 2M2 / Tuesday 3:00 PM-6:00 PM; ME - ME 317 / 1P1 / Monday 7:30 AM-10:30 AM; ME - ME 411 / 2P1 / Tuesday 10:30 AM-1:30 PM"
"Mechanical Engineering Laboratory","ME","ME 411","Machine Design Laboratory","2P1","Tuesday","10:30 AM","1:30 PM","24-9000-350","Larissa Navarro","larissa.navarro@cit.edu","No","ME - ME 411 / 2P1 / Tuesday 10:30 AM-1:30 PM"
"Mechanical Engineering Laboratory","ME","ME 411","Machine Design Laboratory","2P1","Tuesday","10:30 AM","1:30 PM","24-9000-351","Marco Navarro","marco.navarro@cit.edu","No","ME - ME 411 / 2P1 / Tuesday 10:30 AM-1:30 PM"
"Mechanical Engineering Laboratory","ME","ME 411","Machine Design Laboratory","2P1","Tuesday","10:30 AM","1:30 PM","24-9000-352","Nadine Navarro","nadine.navarro@cit.edu","No","ME - ME 411 / 2P1 / Tuesday 10:30 AM-1:30 PM"
"Mechanical Engineering Laboratory","ME","ME 411","Machine Design Laboratory","2P1","Tuesday","10:30 AM","1:30 PM","24-4313-040","Nicole Serrano","nicole.serrano@cit.edu","Yes","CE - CE 321 / 2M2 / Tuesday 3:00 PM-6:00 PM; ME - ME 317 / 1P1 / Monday 7:30 AM-10:30 AM; ME - ME 411 / 2P1 / Tuesday 10:30 AM-1:30 PM"
"Mechanical Engineering Laboratory","ME","ME 411","Machine Design Laboratory","2P1","Tuesday","10:30 AM","1:30 PM","24-9000-353","Oscar Navarro","oscar.navarro@cit.edu","No","ME - ME 411 / 2P1 / Tuesday 10:30 AM-1:30 PM"
"Mechanical Engineering Laboratory","ME","ME 411","Machine Design Laboratory","2P1","Tuesday","10:30 AM","1:30 PM","24-4313-035","Sebastian Lim","seb.lim@cit.edu","Yes","CE - CE 321 / 2M2 / Tuesday 3:00 PM-6:00 PM; ME - ME 317 / 1P1 / Monday 7:30 AM-10:30 AM; ME - ME 411 / 2P1 / Tuesday 10:30 AM-1:30 PM"
"Mechanical Engineering Laboratory","ME","ME 411","Machine Design Laboratory","2P1","Tuesday","10:30 AM","1:30 PM","24-4313-038","Trisha Mercado","trisha.mercado@cit.edu","Yes","CE - CE 321 / 2M2 / Tuesday 3:00 PM-6:00 PM; ME - ME 317 / 1P1 / Monday 7:30 AM-10:30 AM; ME - ME 411 / 2P1 / Tuesday 10:30 AM-1:30 PM"
"Mechanical Engineering Laboratory","ME","ME 411","Machine Design Laboratory","2P2","Tuesday","1:30 PM","4:30 PM","24-9000-365","Adrian Ocampo","adrian.ocampo@cit.edu","No","ME - ME 411 / 2P2 / Tuesday 1:30 PM-4:30 PM"
"Mechanical Engineering Laboratory","ME","ME 411","Machine Design Laboratory","2P2","Tuesday","1:30 PM","4:30 PM","24-9000-366","Bianca Ocampo","bianca.ocampo@cit.edu","No","ME - ME 411 / 2P2 / Tuesday 1:30 PM-4:30 PM"
"Mechanical Engineering Laboratory","ME","ME 411","Machine Design Laboratory","2P2","Tuesday","1:30 PM","4:30 PM","24-9000-367","Carlo Ocampo","carlo.ocampo@cit.edu","No","ME - ME 411 / 2P2 / Tuesday 1:30 PM-4:30 PM"
"Mechanical Engineering Laboratory","ME","ME 411","Machine Design Laboratory","2P2","Tuesday","1:30 PM","4:30 PM","24-9000-368","Daphne Ocampo","daphne.ocampo@cit.edu","No","ME - ME 411 / 2P2 / Tuesday 1:30 PM-4:30 PM"
"Mechanical Engineering Laboratory","ME","ME 411","Machine Design Laboratory","2P2","Tuesday","1:30 PM","4:30 PM","24-9000-369","Enzo Ocampo","enzo.ocampo@cit.edu","No","ME - ME 411 / 2P2 / Tuesday 1:30 PM-4:30 PM"
"Mechanical Engineering Laboratory","ME","ME 411","Machine Design Laboratory","2P2","Tuesday","1:30 PM","4:30 PM","24-9000-370","Fiona Ocampo","fiona.ocampo@cit.edu","No","ME - ME 411 / 2P2 / Tuesday 1:30 PM-4:30 PM"
"Mechanical Engineering Laboratory","ME","ME 411","Machine Design Laboratory","2P2","Tuesday","1:30 PM","4:30 PM","24-9000-371","Gabriel Ocampo","gabriel.ocampo@cit.edu","No","ME - ME 411 / 2P2 / Tuesday 1:30 PM-4:30 PM"
"Mechanical Engineering Laboratory","ME","ME 411","Machine Design Laboratory","2P2","Tuesday","1:30 PM","4:30 PM","24-9000-372","Hannah Ocampo","hannah.ocampo@cit.edu","No","ME - ME 411 / 2P2 / Tuesday 1:30 PM-4:30 PM"
"Mechanical Engineering Laboratory","ME","ME 411","Machine Design Laboratory","2P2","Tuesday","1:30 PM","4:30 PM","24-9000-373","Isaac Ocampo","isaac.ocampo@cit.edu","No","ME - ME 411 / 2P2 / Tuesday 1:30 PM-4:30 PM"
"Mechanical Engineering Laboratory","ME","ME 411","Machine Design Laboratory","2P2","Tuesday","1:30 PM","4:30 PM","24-9000-374","Janelle Ocampo","janelle.ocampo@cit.edu","No","ME - ME 411 / 2P2 / Tuesday 1:30 PM-4:30 PM"
"Mechanical Engineering Laboratory","ME","ME 411","Machine Design Laboratory","2P2","Tuesday","1:30 PM","4:30 PM","24-9000-355","Quentin Navarro","quentin.navarro@cit.edu","No","ME - ME 411 / 2P2 / Tuesday 1:30 PM-4:30 PM"
"Mechanical Engineering Laboratory","ME","ME 411","Machine Design Laboratory","2P2","Tuesday","1:30 PM","4:30 PM","24-9000-356","Rhea Navarro","rhea.navarro@cit.edu","No","ME - ME 411 / 2P2 / Tuesday 1:30 PM-4:30 PM"
"Mechanical Engineering Laboratory","ME","ME 411","Machine Design Laboratory","2P2","Tuesday","1:30 PM","4:30 PM","24-9000-357","Samuel Navarro","samuel.navarro@cit.edu","No","ME - ME 411 / 2P2 / Tuesday 1:30 PM-4:30 PM"
"Mechanical Engineering Laboratory","ME","ME 411","Machine Design Laboratory","2P2","Tuesday","1:30 PM","4:30 PM","24-9000-358","Trisha Navarro","trisha.navarro@cit.edu","No","ME - ME 411 / 2P2 / Tuesday 1:30 PM-4:30 PM"
"Mechanical Engineering Laboratory","ME","ME 411","Machine Design Laboratory","2P2","Tuesday","1:30 PM","4:30 PM","24-9000-359","Ulysses Navarro","ulysses.navarro@cit.edu","No","ME - ME 411 / 2P2 / Tuesday 1:30 PM-4:30 PM"
"Mechanical Engineering Laboratory","ME","ME 411","Machine Design Laboratory","2P2","Tuesday","1:30 PM","4:30 PM","24-9000-360","Vanessa Navarro","vanessa.navarro@cit.edu","No","ME - ME 411 / 2P2 / Tuesday 1:30 PM-4:30 PM"
"Mechanical Engineering Laboratory","ME","ME 411","Machine Design Laboratory","2P2","Tuesday","1:30 PM","4:30 PM","24-9000-361","Warren Navarro","warren.navarro@cit.edu","No","ME - ME 411 / 2P2 / Tuesday 1:30 PM-4:30 PM"
"Mechanical Engineering Laboratory","ME","ME 411","Machine Design Laboratory","2P2","Tuesday","1:30 PM","4:30 PM","24-9000-362","Xandra Navarro","xandra.navarro@cit.edu","No","ME - ME 411 / 2P2 / Tuesday 1:30 PM-4:30 PM"
"Mechanical Engineering Laboratory","ME","ME 411","Machine Design Laboratory","2P2","Tuesday","1:30 PM","4:30 PM","24-9000-363","Yves Navarro","yves.navarro@cit.edu","No","ME - ME 411 / 2P2 / Tuesday 1:30 PM-4:30 PM"
"Mechanical Engineering Laboratory","ME","ME 411","Machine Design Laboratory","2P2","Tuesday","1:30 PM","4:30 PM","24-9000-364","Zara Navarro","zara.navarro@cit.edu","No","ME - ME 411 / 2P2 / Tuesday 1:30 PM-4:30 PM"
"Mechanical Engineering Laboratory","ME","ME 421","Heat Transfer Laboratory","3P1","Wednesday","3:00 PM","6:00 PM","24-4313-048","Beatrice Valencia","beatrice.valencia@cit.edu","Yes","CE - CE 421 / 3M1 / Wednesday 7:30 AM-10:30 AM; ME - ME 317 / 1P2 / Monday 10:30 AM-1:30 PM; ME - ME 421 / 3P1 / Wednesday 3:00 PM-6:00 PM"
"Mechanical Engineering Laboratory","ME","ME 421","Heat Transfer Laboratory","3P1","Wednesday","3:00 PM","6:00 PM","24-9000-006","Fiona Abella","fiona.abella@cit.edu","Yes","CE - CE 311 / 1M2 / Monday 10:30 AM-1:30 PM; ME - ME 421 / 3P1 / Wednesday 3:00 PM-6:00 PM"
"Mechanical Engineering Laboratory","ME","ME 421","Heat Transfer Laboratory","3P1","Wednesday","3:00 PM","6:00 PM","24-4313-050","Francesca Gomez","francesca.gomez@cit.edu","Yes","CE - CE 421 / 3M1 / Wednesday 7:30 AM-10:30 AM; ME - ME 317 / 1P2 / Monday 10:30 AM-1:30 PM; ME - ME 421 / 3P1 / Wednesday 3:00 PM-6:00 PM"
"Mechanical Engineering Laboratory","ME","ME 421","Heat Transfer Laboratory","3P1","Wednesday","3:00 PM","6:00 PM","24-4313-047","John Cedrick Lao","johncedrick.lao@cit.edu","Yes","CE - CE 421 / 3M1 / Wednesday 7:30 AM-10:30 AM; ME - ME 317 / 1P2 / Monday 10:30 AM-1:30 PM; ME - ME 421 / 3P1 / Wednesday 3:00 PM-6:00 PM"
"Mechanical Engineering Laboratory","ME","ME 421","Heat Transfer Laboratory","3P1","Wednesday","3:00 PM","6:00 PM","24-4313-049","Kyle Fernandez ","kyle.fernandez@cit.edu","Yes","CE - CE 421 / 3M1 / Wednesday 7:30 AM-10:30 AM; ME - ME 317 / 1P2 / Monday 10:30 AM-1:30 PM; ME - ME 421 / 3P1 / Wednesday 3:00 PM-6:00 PM"
"Mechanical Engineering Laboratory","ME","ME 421","Heat Transfer Laboratory","3P1","Wednesday","3:00 PM","6:00 PM","24-9000-375","Kyle Ocampo","kyle.ocampo@cit.edu","No","ME - ME 421 / 3P1 / Wednesday 3:00 PM-6:00 PM"
"Mechanical Engineering Laboratory","ME","ME 421","Heat Transfer Laboratory","3P1","Wednesday","3:00 PM","6:00 PM","24-9000-376","Larissa Ocampo","larissa.ocampo@cit.edu","No","ME - ME 421 / 3P1 / Wednesday 3:00 PM-6:00 PM"
"Mechanical Engineering Laboratory","ME","ME 421","Heat Transfer Laboratory","3P1","Wednesday","3:00 PM","6:00 PM","24-9000-377","Marco Ocampo","marco.ocampo@cit.edu","No","ME - ME 421 / 3P1 / Wednesday 3:00 PM-6:00 PM"
"Mechanical Engineering Laboratory","ME","ME 421","Heat Transfer Laboratory","3P1","Wednesday","3:00 PM","6:00 PM","24-4313-045","Mark Evangelista","mark.evangelista@cit.edu","Yes","CE - CE 421 / 3M1 / Wednesday 7:30 AM-10:30 AM; ME - ME 317 / 1P2 / Monday 10:30 AM-1:30 PM; ME - ME 421 / 3P1 / Wednesday 3:00 PM-6:00 PM"
"Mechanical Engineering Laboratory","ME","ME 421","Heat Transfer Laboratory","3P1","Wednesday","3:00 PM","6:00 PM","24-9000-378","Nadine Ocampo","nadine.ocampo@cit.edu","No","ME - ME 421 / 3P1 / Wednesday 3:00 PM-6:00 PM"
"Mechanical Engineering Laboratory","ME","ME 421","Heat Transfer Laboratory","3P1","Wednesday","3:00 PM","6:00 PM","24-9000-379","Oscar Ocampo","oscar.ocampo@cit.edu","No","ME - ME 421 / 3P1 / Wednesday 3:00 PM-6:00 PM"
"Mechanical Engineering Laboratory","ME","ME 421","Heat Transfer Laboratory","3P1","Wednesday","3:00 PM","6:00 PM","24-9000-380","Patricia Ocampo","patricia.ocampo@cit.edu","No","ME - ME 421 / 3P1 / Wednesday 3:00 PM-6:00 PM"
"Mechanical Engineering Laboratory","ME","ME 421","Heat Transfer Laboratory","3P1","Wednesday","3:00 PM","6:00 PM","24-4313-046","Pauline Rivera","pauline.rivera@cit.edu","Yes","CE - CE 421 / 3M1 / Wednesday 7:30 AM-10:30 AM; ME - ME 317 / 1P2 / Monday 10:30 AM-1:30 PM; ME - ME 421 / 3P1 / Wednesday 3:00 PM-6:00 PM"
"Mechanical Engineering Laboratory","ME","ME 421","Heat Transfer Laboratory","3P1","Wednesday","3:00 PM","6:00 PM","24-9000-381","Quentin Ocampo","quentin.ocampo@cit.edu","No","ME - ME 421 / 3P1 / Wednesday 3:00 PM-6:00 PM"
"Mechanical Engineering Laboratory","ME","ME 421","Heat Transfer Laboratory","3P1","Wednesday","3:00 PM","6:00 PM","24-9000-382","Rhea Ocampo","rhea.ocampo@cit.edu","No","ME - ME 421 / 3P1 / Wednesday 3:00 PM-6:00 PM"
"Mechanical Engineering Laboratory","ME","ME 421","Heat Transfer Laboratory","3P1","Wednesday","3:00 PM","6:00 PM","24-9000-383","Samuel Ocampo","samuel.ocampo@cit.edu","No","ME - ME 421 / 3P1 / Wednesday 3:00 PM-6:00 PM"
"Mechanical Engineering Laboratory","ME","ME 421","Heat Transfer Laboratory","3P1","Wednesday","3:00 PM","6:00 PM","24-9000-384","Trisha Ocampo","trisha.ocampo@cit.edu","No","ME - ME 421 / 3P1 / Wednesday 3:00 PM-6:00 PM"
"Mechanical Engineering Laboratory","ME","ME 421","Heat Transfer Laboratory","3P1","Wednesday","3:00 PM","6:00 PM","24-9000-385","Ulysses Ocampo","ulysses.ocampo@cit.edu","No","ME - ME 421 / 3P1 / Wednesday 3:00 PM-6:00 PM"
"Mechanical Engineering Laboratory","ME","ME 421","Heat Transfer Laboratory","3P1","Wednesday","3:00 PM","6:00 PM","24-9000-386","Vanessa Ocampo","vanessa.ocampo@cit.edu","No","ME - ME 421 / 3P1 / Wednesday 3:00 PM-6:00 PM"
"Mechanical Engineering Laboratory","ME","ME 421","Heat Transfer Laboratory","3P1","Wednesday","3:00 PM","6:00 PM","24-9000-387","Warren Ocampo","warren.ocampo@cit.edu","No","ME - ME 421 / 3P1 / Wednesday 3:00 PM-6:00 PM"
"Mechanical Engineering Laboratory","ME","ME 421","Heat Transfer Laboratory","3P2","Wednesday","10:30 AM","1:30 PM","24-9000-391","Adrian Perez","adrian.perez@cit.edu","No","ME - ME 421 / 3P2 / Wednesday 10:30 AM-1:30 PM"
"Mechanical Engineering Laboratory","ME","ME 421","Heat Transfer Laboratory","3P2","Wednesday","10:30 AM","1:30 PM","24-9000-392","Bianca Perez","bianca.perez@cit.edu","No","ME - ME 421 / 3P2 / Wednesday 10:30 AM-1:30 PM"
"Mechanical Engineering Laboratory","ME","ME 421","Heat Transfer Laboratory","3P2","Wednesday","10:30 AM","1:30 PM","24-9000-393","Carlo Perez","carlo.perez@cit.edu","No","ME - ME 421 / 3P2 / Wednesday 10:30 AM-1:30 PM"
"Mechanical Engineering Laboratory","ME","ME 421","Heat Transfer Laboratory","3P2","Wednesday","10:30 AM","1:30 PM","24-9000-394","Daphne Perez","daphne.perez@cit.edu","No","ME - ME 421 / 3P2 / Wednesday 10:30 AM-1:30 PM"
"Mechanical Engineering Laboratory","ME","ME 421","Heat Transfer Laboratory","3P2","Wednesday","10:30 AM","1:30 PM","24-9000-395","Enzo Perez","enzo.perez@cit.edu","No","ME - ME 421 / 3P2 / Wednesday 10:30 AM-1:30 PM"
"Mechanical Engineering Laboratory","ME","ME 421","Heat Transfer Laboratory","3P2","Wednesday","10:30 AM","1:30 PM","24-9000-396","Fiona Perez","fiona.perez@cit.edu","No","ME - ME 421 / 3P2 / Wednesday 10:30 AM-1:30 PM"
"Mechanical Engineering Laboratory","ME","ME 421","Heat Transfer Laboratory","3P2","Wednesday","10:30 AM","1:30 PM","24-9000-397","Gabriel Perez","gabriel.perez@cit.edu","No","ME - ME 421 / 3P2 / Wednesday 10:30 AM-1:30 PM"
"Mechanical Engineering Laboratory","ME","ME 421","Heat Transfer Laboratory","3P2","Wednesday","10:30 AM","1:30 PM","24-9000-399","Isaac Perez","isaac.perez@cit.edu","No","ME - ME 421 / 3P2 / Wednesday 10:30 AM-1:30 PM"
"Mechanical Engineering Laboratory","ME","ME 421","Heat Transfer Laboratory","3P2","Wednesday","10:30 AM","1:30 PM","24-9000-400","Janelle Perez","janelle.perez@cit.edu","No","ME - ME 421 / 3P2 / Wednesday 10:30 AM-1:30 PM"
"Mechanical Engineering Laboratory","ME","ME 421","Heat Transfer Laboratory","3P2","Wednesday","10:30 AM","1:30 PM","24-9000-401","Kyle Perez","kyle.perez@cit.edu","No","ME - ME 421 / 3P2 / Wednesday 10:30 AM-1:30 PM"
"Mechanical Engineering Laboratory","ME","ME 421","Heat Transfer Laboratory","3P2","Wednesday","10:30 AM","1:30 PM","24-9000-402","Larissa Perez","larissa.perez@cit.edu","No","ME - ME 421 / 3P2 / Wednesday 10:30 AM-1:30 PM"
"Mechanical Engineering Laboratory","ME","ME 421","Heat Transfer Laboratory","3P2","Wednesday","10:30 AM","1:30 PM","24-9000-403","Marco Perez","marco.perez@cit.edu","No","ME - ME 421 / 3P2 / Wednesday 10:30 AM-1:30 PM"
"Mechanical Engineering Laboratory","ME","ME 421","Heat Transfer Laboratory","3P2","Wednesday","10:30 AM","1:30 PM","24-9000-404","Nadine Perez","nadine.perez@cit.edu","No","ME - ME 421 / 3P2 / Wednesday 10:30 AM-1:30 PM"
"Mechanical Engineering Laboratory","ME","ME 421","Heat Transfer Laboratory","3P2","Wednesday","10:30 AM","1:30 PM","24-9000-405","Oscar Perez","oscar.perez@cit.edu","No","ME - ME 421 / 3P2 / Wednesday 10:30 AM-1:30 PM"
"Mechanical Engineering Laboratory","ME","ME 421","Heat Transfer Laboratory","3P2","Wednesday","10:30 AM","1:30 PM","24-9000-406","Patricia Perez","patricia.perez@cit.edu","No","ME - ME 421 / 3P2 / Wednesday 10:30 AM-1:30 PM"
"Mechanical Engineering Laboratory","ME","ME 421","Heat Transfer Laboratory","3P2","Wednesday","10:30 AM","1:30 PM","24-9000-407","Quentin Perez","quentin.perez@cit.edu","No","ME - ME 421 / 3P2 / Wednesday 10:30 AM-1:30 PM"
"Mechanical Engineering Laboratory","ME","ME 421","Heat Transfer Laboratory","3P2","Wednesday","10:30 AM","1:30 PM","24-9000-408","Rhea Perez","rhea.perez@cit.edu","No","ME - ME 421 / 3P2 / Wednesday 10:30 AM-1:30 PM"
"Mechanical Engineering Laboratory","ME","ME 421","Heat Transfer Laboratory","3P2","Wednesday","10:30 AM","1:30 PM","24-9000-409","Samuel Perez","samuel.perez@cit.edu","No","ME - ME 421 / 3P2 / Wednesday 10:30 AM-1:30 PM"
"Mechanical Engineering Laboratory","ME","ME 421","Heat Transfer Laboratory","3P2","Wednesday","10:30 AM","1:30 PM","24-9000-389","Yves Ocampo","yves.ocampo@cit.edu","No","ME - ME 421 / 3P2 / Wednesday 10:30 AM-1:30 PM"
"Mechanical Engineering Laboratory","ME","ME 421","Heat Transfer Laboratory","3P2","Wednesday","10:30 AM","1:30 PM","24-9000-390","Zara Ocampo","zara.ocampo@cit.edu","No","ME - ME 421 / 3P2 / Wednesday 10:30 AM-1:30 PM"
"Mechanical Engineering Laboratory","ME","ME 431"," Manufacturing Processes Laboratory","4P1","Thursday","7:30 AM","10:30 AM","24-9000-417","Adrian Quijano","adrian.quijano@cit.edu","No","ME - ME 431 / 4P1 / Thursday 7:30 AM-10:30 AM"
"Mechanical Engineering Laboratory","ME","ME 431"," Manufacturing Processes Laboratory","4P1","Thursday","7:30 AM","10:30 AM","24-9000-418","Bianca Quijano","bianca.quijano@cit.edu","No","ME - ME 431 / 4P1 / Thursday 7:30 AM-10:30 AM"
"Mechanical Engineering Laboratory","ME","ME 431"," Manufacturing Processes Laboratory","4P1","Thursday","7:30 AM","10:30 AM","24-9000-419","Carlo Quijano","carlo.quijano@cit.edu","No","ME - ME 431 / 4P1 / Thursday 7:30 AM-10:30 AM"
"Mechanical Engineering Laboratory","ME","ME 431"," Manufacturing Processes Laboratory","4P1","Thursday","7:30 AM","10:30 AM","24-9000-420","Daphne Quijano","daphne.quijano@cit.edu","No","ME - ME 431 / 4P1 / Thursday 7:30 AM-10:30 AM"
"Mechanical Engineering Laboratory","ME","ME 431"," Manufacturing Processes Laboratory","4P1","Thursday","7:30 AM","10:30 AM","24-9000-421","Enzo Quijano","enzo.quijano@cit.edu","No","ME - ME 431 / 4P1 / Thursday 7:30 AM-10:30 AM"
"Mechanical Engineering Laboratory","ME","ME 431"," Manufacturing Processes Laboratory","4P1","Thursday","7:30 AM","10:30 AM","24-9000-422","Fiona Quijano","fiona.quijano@cit.edu","No","ME - ME 431 / 4P1 / Thursday 7:30 AM-10:30 AM"
"Mechanical Engineering Laboratory","ME","ME 431"," Manufacturing Processes Laboratory","4P1","Thursday","7:30 AM","10:30 AM","24-9000-423","Gabriel Quijano","gabriel.quijano@cit.edu","No","ME - ME 431 / 4P1 / Thursday 7:30 AM-10:30 AM"
"Mechanical Engineering Laboratory","ME","ME 431"," Manufacturing Processes Laboratory","4P1","Thursday","7:30 AM","10:30 AM","24-9000-424","Hannah Quijano","hannah.quijano@cit.edu","No","ME - ME 431 / 4P1 / Thursday 7:30 AM-10:30 AM"
"Mechanical Engineering Laboratory","ME","ME 431"," Manufacturing Processes Laboratory","4P1","Thursday","7:30 AM","10:30 AM","24-9000-425","Isaac Quijano","isaac.quijano@cit.edu","No","ME - ME 431 / 4P1 / Thursday 7:30 AM-10:30 AM"
"Mechanical Engineering Laboratory","ME","ME 431"," Manufacturing Processes Laboratory","4P1","Thursday","7:30 AM","10:30 AM","24-9000-426","Janelle Quijano","janelle.quijano@cit.edu","No","ME - ME 431 / 4P1 / Thursday 7:30 AM-10:30 AM"
"Mechanical Engineering Laboratory","ME","ME 431"," Manufacturing Processes Laboratory","4P1","Thursday","7:30 AM","10:30 AM","24-9000-427","Kyle Quijano","kyle.quijano@cit.edu","No","ME - ME 431 / 4P1 / Thursday 7:30 AM-10:30 AM"
"Mechanical Engineering Laboratory","ME","ME 431"," Manufacturing Processes Laboratory","4P1","Thursday","7:30 AM","10:30 AM","24-9000-012","Larissa Abella","larissa.abella@cit.edu","Yes","CE - CE 312 / 1M3 / Monday 3:00 PM-6:00 PM; ME - ME 431 / 4P1 / Thursday 7:30 AM-10:30 AM"
"Mechanical Engineering Laboratory","ME","ME 431"," Manufacturing Processes Laboratory","4P1","Thursday","7:30 AM","10:30 AM","24-9000-428","Larissa Quijano","larissa.quijano@cit.edu","No","ME - ME 431 / 4P1 / Thursday 7:30 AM-10:30 AM"
"Mechanical Engineering Laboratory","ME","ME 431"," Manufacturing Processes Laboratory","4P1","Thursday","7:30 AM","10:30 AM","24-9000-410","Trisha Perez","trisha.perez@cit.edu","No","ME - ME 431 / 4P1 / Thursday 7:30 AM-10:30 AM"
"Mechanical Engineering Laboratory","ME","ME 431"," Manufacturing Processes Laboratory","4P1","Thursday","7:30 AM","10:30 AM","24-9000-411","Ulysses Perez","ulysses.perez@cit.edu","No","ME - ME 431 / 4P1 / Thursday 7:30 AM-10:30 AM"
"Mechanical Engineering Laboratory","ME","ME 431"," Manufacturing Processes Laboratory","4P1","Thursday","7:30 AM","10:30 AM","24-9000-412","Vanessa Perez","vanessa.perez@cit.edu","No","ME - ME 431 / 4P1 / Thursday 7:30 AM-10:30 AM"
"Mechanical Engineering Laboratory","ME","ME 431"," Manufacturing Processes Laboratory","4P1","Thursday","7:30 AM","10:30 AM","24-9000-413","Warren Perez","warren.perez@cit.edu","No","ME - ME 431 / 4P1 / Thursday 7:30 AM-10:30 AM"
"Mechanical Engineering Laboratory","ME","ME 431"," Manufacturing Processes Laboratory","4P1","Thursday","7:30 AM","10:30 AM","24-9000-414","Xandra Perez","xandra.perez@cit.edu","No","ME - ME 431 / 4P1 / Thursday 7:30 AM-10:30 AM"
"Mechanical Engineering Laboratory","ME","ME 431"," Manufacturing Processes Laboratory","4P1","Thursday","7:30 AM","10:30 AM","24-9000-415","Yves Perez","yves.perez@cit.edu","No","ME - ME 431 / 4P1 / Thursday 7:30 AM-10:30 AM"
"Mechanical Engineering Laboratory","ME","ME 431"," Manufacturing Processes Laboratory","4P1","Thursday","7:30 AM","10:30 AM","24-9000-416","Zara Perez","zara.perez@cit.edu","No","ME - ME 431 / 4P1 / Thursday 7:30 AM-10:30 AM"
"Mechanical Engineering Laboratory","ME","ME 431"," Manufacturing Processes Laboratory","4P2","Thursday","3:00 PM","6:00 PM","24-9000-443","Adrian Ramos","adrian.ramos@cit.edu","No","ME - ME 431 / 4P2 / Thursday 3:00 PM-6:00 PM"
"Mechanical Engineering Laboratory","ME","ME 431"," Manufacturing Processes Laboratory","4P2","Thursday","3:00 PM","6:00 PM","24-9000-444","Bianca Ramos","bianca.ramos@cit.edu","No","ME - ME 431 / 4P2 / Thursday 3:00 PM-6:00 PM"
"Mechanical Engineering Laboratory","ME","ME 431"," Manufacturing Processes Laboratory","4P2","Thursday","3:00 PM","6:00 PM","24-9000-445","Carlo Ramos","carlo.ramos@cit.edu","No","ME - ME 431 / 4P2 / Thursday 3:00 PM-6:00 PM"
"Mechanical Engineering Laboratory","ME","ME 431"," Manufacturing Processes Laboratory","4P2","Thursday","3:00 PM","6:00 PM","24-9000-446","Daphne Ramos","daphne.ramos@cit.edu","No","ME - ME 431 / 4P2 / Thursday 3:00 PM-6:00 PM"
"Mechanical Engineering Laboratory","ME","ME 431"," Manufacturing Processes Laboratory","4P2","Thursday","3:00 PM","6:00 PM","24-9000-447","Enzo Ramos","enzo.ramos@cit.edu","No","ME - ME 431 / 4P2 / Thursday 3:00 PM-6:00 PM"
"Mechanical Engineering Laboratory","ME","ME 431"," Manufacturing Processes Laboratory","4P2","Thursday","3:00 PM","6:00 PM","24-9000-448","Fiona Ramos","fiona.ramos@cit.edu","No","ME - ME 431 / 4P2 / Thursday 3:00 PM-6:00 PM"
"Mechanical Engineering Laboratory","ME","ME 431"," Manufacturing Processes Laboratory","4P2","Thursday","3:00 PM","6:00 PM","24-9000-449","Gabriel Ramos","gabriel.ramos@cit.edu","No","ME - ME 431 / 4P2 / Thursday 3:00 PM-6:00 PM"
"Mechanical Engineering Laboratory","ME","ME 431"," Manufacturing Processes Laboratory","4P2","Thursday","3:00 PM","6:00 PM","24-9000-430","Nadine Quijano","nadine.quijano@cit.edu","No","ME - ME 431 / 4P2 / Thursday 3:00 PM-6:00 PM"
"Mechanical Engineering Laboratory","ME","ME 431"," Manufacturing Processes Laboratory","4P2","Thursday","3:00 PM","6:00 PM","24-9000-431","Oscar Quijano","oscar.quijano@cit.edu","No","ME - ME 431 / 4P2 / Thursday 3:00 PM-6:00 PM"
"Mechanical Engineering Laboratory","ME","ME 431"," Manufacturing Processes Laboratory","4P2","Thursday","3:00 PM","6:00 PM","24-9000-432","Patricia Quijano","patricia.quijano@cit.edu","No","ME - ME 431 / 4P2 / Thursday 3:00 PM-6:00 PM"
"Mechanical Engineering Laboratory","ME","ME 431"," Manufacturing Processes Laboratory","4P2","Thursday","3:00 PM","6:00 PM","24-9000-433","Quentin Quijano","quentin.quijano@cit.edu","No","ME - ME 431 / 4P2 / Thursday 3:00 PM-6:00 PM"
"Mechanical Engineering Laboratory","ME","ME 431"," Manufacturing Processes Laboratory","4P2","Thursday","3:00 PM","6:00 PM","24-9000-434","Rhea Quijano","rhea.quijano@cit.edu","No","ME - ME 431 / 4P2 / Thursday 3:00 PM-6:00 PM"
"Mechanical Engineering Laboratory","ME","ME 431"," Manufacturing Processes Laboratory","4P2","Thursday","3:00 PM","6:00 PM","24-9000-435","Samuel Quijano","samuel.quijano@cit.edu","No","ME - ME 431 / 4P2 / Thursday 3:00 PM-6:00 PM"
"Mechanical Engineering Laboratory","ME","ME 431"," Manufacturing Processes Laboratory","4P2","Thursday","3:00 PM","6:00 PM","24-9000-436","Trisha Quijano","trisha.quijano@cit.edu","No","ME - ME 431 / 4P2 / Thursday 3:00 PM-6:00 PM"
"Mechanical Engineering Laboratory","ME","ME 431"," Manufacturing Processes Laboratory","4P2","Thursday","3:00 PM","6:00 PM","24-9000-437","Ulysses Quijano","ulysses.quijano@cit.edu","No","ME - ME 431 / 4P2 / Thursday 3:00 PM-6:00 PM"
"Mechanical Engineering Laboratory","ME","ME 431"," Manufacturing Processes Laboratory","4P2","Thursday","3:00 PM","6:00 PM","24-9000-438","Vanessa Quijano","vanessa.quijano@cit.edu","No","ME - ME 431 / 4P2 / Thursday 3:00 PM-6:00 PM"
"Mechanical Engineering Laboratory","ME","ME 431"," Manufacturing Processes Laboratory","4P2","Thursday","3:00 PM","6:00 PM","24-9000-439","Warren Quijano","warren.quijano@cit.edu","No","ME - ME 431 / 4P2 / Thursday 3:00 PM-6:00 PM"
"Mechanical Engineering Laboratory","ME","ME 431"," Manufacturing Processes Laboratory","4P2","Thursday","3:00 PM","6:00 PM","24-9000-440","Xandra Quijano","xandra.quijano@cit.edu","No","ME - ME 431 / 4P2 / Thursday 3:00 PM-6:00 PM"
"Mechanical Engineering Laboratory","ME","ME 431"," Manufacturing Processes Laboratory","4P2","Thursday","3:00 PM","6:00 PM","24-9000-441","Yves Quijano","yves.quijano@cit.edu","No","ME - ME 431 / 4P2 / Thursday 3:00 PM-6:00 PM"
"Mechanical Engineering Laboratory","ME","ME 431"," Manufacturing Processes Laboratory","4P2","Thursday","3:00 PM","6:00 PM","24-9000-442","Zara Quijano","zara.quijano@cit.edu","No","ME - ME 431 / 4P2 / Thursday 3:00 PM-6:00 PM"
